2026-08-27 20:33:07.326: [INFO] CurrentProfilePath: C:\Users\bidea\source\repos\gay.lol\gay.lol\bin\x64\Debug\net8.0-windows\gay.lol.exe.WebView2\EBWebView\Default
2026-08-27 20:33:07.326: [INFO] Profiles total count: 1
2026-08-27 20:33:07.326: [INFO] Profile: name=Profile 1 path=C:\Users\bidea\source\repos\gay.lol\gay.lol\bin\x64\Debug\net8.0-windows\gay.lol.exe.WebView2\EBWebView\Default lastActive=null
2026-08-27 20:33:07.326: [INFO] LastUsedProfileDir: C:\Users\bidea\source\repos\gay.lol\gay.lol\bin\x64\Debug\net8.0-windows\gay.lol.exe.WebView2\EBWebView\Default
2026-08-27 20:33:07.326: [INFO] OnDoneLoading sync enabled: 0
2026-08-27 20:33:07.326: [INFO] BookmarkModelLoaded, ids_reassigned: 0
2026-08-27 20:33:07.326: [INFO] BookmarksLoadDropped droppedNodes=0
2026-08-27 20:33:07.326: [INFO] BookmarksSnapshot Startup total=0 bar=0 other=0 mobile=0 showBar=0 showBarNTP=1
2026-08-27 20:34:02.831: [INFO] BookmarksSnapshot Shutdown total=0 bar=0 other=0 mobile=0 showBar=0 showBarNTP=1
2026-08-27 20:34:28.999: [INFO] CurrentProfilePath: C:\Users\bidea\source\repos\gay.lol\gay.lol\bin\x64\Debug\net8.0-windows\gay.lol.exe.WebView2\EBWebView\Default
2026-08-27 20:34:28.999: [INFO] Profiles total count: 1
2026-08-27 20:34:28.999: [INFO] Profile: name=Profile 1 path=C:\Users\bidea\source\repos\gay.lol\gay.lol\bin\x64\Debug\net8.0-windows\gay.lol.exe.WebView2\EBWebView\Default lastActive=2026-08-27T20:33:25.289Z
2026-08-27 20:34:28.999: [INFO] LastUsedProfileDir: C:\Users\bidea\source\repos\gay.lol\gay.lol\bin\x64\Debug\net8.0-windows\gay.lol.exe.WebView2\EBWebView\Default
2026-08-27 20:34:28.999: [INFO] MostRecentlyActiveProfile: name=Profile 1 path=C:\Users\bidea\source\repos\gay.lol\gay.lol\bin\x64\Debug\net8.0-windows\gay.lol.exe.WebView2\EBWebView\Default lastActive=2026-08-27T20:33:25.289Z
2026-08-27 20:34:28.999: [INFO] OnDoneLoading sync enabled: 0
2026-08-27 20:34:28.999: [INFO] BookmarkModelLoaded, ids_reassigned: 0
2026-08-27 20:34:28.999: [INFO] BookmarksLoadDropped droppedNodes=0
2026-08-27 20:34:28.999: [INFO] BookmarksSnapshot Startup total=0 bar=0 other=0 mobile=0 showBar=0 showBarNTP=1
2026-08-27 20:34:41.728: [INFO] BookmarksSnapshot Shutdown total=0 bar=0 other=0 mobile=0 showBar=0 showBarNTP=1
2026-08-27 20:35:28.458: [INFO] CurrentProfilePath: C:\Users\bidea\source\repos\gay.lol\gay.lol\bin\x64\Debug\net8.0-windows\gay.lol.exe.WebView2\EBWebView\Default
2026-08-27 20:35:28.458: [INFO] Profiles total count: 1
2026-08-27 20:35:28.458: [INFO] Profile: name=Profile 1 path=C:\Users\bidea\source\repos\gay.lol\gay.lol\bin\x64\Debug\net8.0-windows\gay.lol.exe.WebView2\EBWebView\Default lastActive=2026-08-27T20:33:25.289Z
2026-08-27 20:35:28.458: [INFO] LastUsedProfileDir: C:\Users\bidea\source\repos\gay.lol\gay.lol\bin\x64\Debug\net8.0-windows\gay.lol.exe.WebView2\EBWebView\Default
2026-08-27 20:35:28.458: [INFO] MostRecentlyActiveProfile: name=Profile 1 path=C:\Users\bidea\source\repos\gay.lol\gay.lol\bin\x64\Debug\net8.0-windows\gay.lol.exe.WebView2\EBWebView\Default lastActive=2026-08-27T20:33:25.289Z
2026-08-27 20:35:28.458: [INFO] OnDoneLoading sync enabled: 0
2026-08-27 20:35:28.458: [INFO] BookmarkModelLoaded, ids_reassigned: 0
2026-08-27 20:35:28.458: [INFO] BookmarksLoadDropped droppedNodes=0
2026-08-27 20:35:28.458: [INFO] BookmarksSnapshot Startup total=0 bar=0 other=0 mobile=0 showBar=0 showBarNTP=1
2026-08-27 20:35:44.093: [INFO] BookmarksSnapshot Shutdown total=0 bar=0 other=0 mobile=0 showBar=0 showBarNTP=1
2026-08-27 20:36:08.957: [INFO] CurrentProfilePath: C:\Users\bidea\source\repos\gay.lol\gay.lol\bin\x64\Debug\net8.0-windows\gay.lol.exe.WebView2\EBWebView\Default
2026-08-27 20:36:08.957: [INFO] Profiles total count: 1
2026-08-27 20:36:08.958: [INFO] Profile: name=Profile 1 path=C:\Users\bidea\source\repos\gay.lol\gay.lol\bin\x64\Debug\net8.0-windows\gay.lol.exe.WebView2\EBWebView\Default lastActive=2026-08-27T20:35:38.855Z
2026-08-27 20:36:08.958: [INFO] LastUsedProfileDir: C:\Users\bidea\source\repos\gay.lol\gay.lol\bin\x64\Debug\net8.0-windows\gay.lol.exe.WebView2\EBWebView\Default
2026-08-27 20:36:08.958: [INFO] MostRecentlyActiveProfile: name=Profile 1 path=C:\Users\bidea\source\repos\gay.lol\gay.lol\bin\x64\Debug\net8.0-windows\gay.lol.exe.WebView2\EBWebView\Default lastActive=2026-08-27T20:35:38.855Z
2026-08-27 20:36:08.958: [INFO] OnDoneLoading sync enabled: 0
2026-08-27 20:36:08.958: [INFO] BookmarkModelLoaded, ids_reassigned: 0
2026-08-27 20:36:08.958: [INFO] BookmarksLoadDropped droppedNodes=0
2026-08-27 20:36:08.958: [INFO] BookmarksSnapshot Startup total=0 bar=0 other=0 mobile=0 showBar=0 showBarNTP=1
2026-08-27 20:37:08.506: [INFO] BookmarksSnapshot Shutdown total=0 bar=0 other=0 mobile=0 showBar=0 showBarNTP=1
2026-08-27 20:37:23.298: [INFO] CurrentProfilePath: C:\Users\bidea\source\repos\gay.lol\gay.lol\bin\x64\Debug\net8.0-windows\gay.lol.exe.WebView2\EBWebView\Default
2026-08-27 20:37:23.298: [INFO] Profiles total count: 1
2026-08-27 20:37:23.298: [INFO] Profile: name=Profile 1 path=C:\Users\bidea\source\repos\gay.lol\gay.lol\bin\x64\Debug\net8.0-windows\gay.lol.exe.WebView2\EBWebView\Default lastActive=2026-08-27T20:36:57.461Z
2026-08-27 20:37:23.298: [INFO] LastUsedProfileDir: C:\Users\bidea\source\repos\gay.lol\gay.lol\bin\x64\Debug\net8.0-windows\gay.lol.exe.WebView2\EBWebView\Default
2026-08-27 20:37:23.298: [INFO] MostRecentlyActiveProfile: name=Profile 1 path=C:\Users\bidea\source\repos\gay.lol\gay.lol\bin\x64\Debug\net8.0-windows\gay.lol.exe.WebView2\EBWebView\Default lastActive=2026-08-27T20:36:57.461Z
2026-08-27 20:37:23.299: [INFO] OnDoneLoading sync enabled: 0
2026-08-27 20:37:23.299: [INFO] BookmarkModelLoaded, ids_reassigned: 0
2026-08-27 20:37:23.299: [INFO] BookmarksLoadDropped droppedNodes=0
2026-08-27 20:37:23.299: [INFO] BookmarksSnapshot Startup total=0 bar=0 other=0 mobile=0 showBar=0 showBarNTP=1
2026-08-27 20:37:54.953: [INFO] BookmarksSnapshot Shutdown total=0 bar=0 other=0 mobile=0 showBar=0 showBarNTP=1
2026-08-27 21:21:39.196: [INFO] CurrentProfilePath: C:\Users\bidea\source\repos\gay.lol\gay.lol\bin\x64\Debug\net8.0-windows\gay.lol.exe.WebView2\EBWebView\Default
2026-08-27 21:21:39.196: [INFO] Profiles total count: 1
2026-08-27 21:21:39.198: [INFO] Profile: name=Profile 1 path=C:\Users\bidea\source\repos\gay.lol\gay.lol\bin\x64\Debug\net8.0-windows\gay.lol.exe.WebView2\EBWebView\Default lastActive=2026-08-27T20:37:46.713Z
2026-08-27 21:21:39.198: [INFO] LastUsedProfileDir: C:\Users\bidea\source\repos\gay.lol\gay.lol\bin\x64\Debug\net8.0-windows\gay.lol.exe.WebView2\EBWebView\Default
2026-08-27 21:21:39.198: [INFO] MostRecentlyActiveProfile: name=Profile 1 path=C:\Users\bidea\source\repos\gay.lol\gay.lol\bin\x64\Debug\net8.0-windows\gay.lol.exe.WebView2\EBWebView\Default lastActive=2026-08-27T20:37:46.713Z
2026-08-27 21:21:39.198: [INFO] OnDoneLoading sync enabled: 0
2026-08-27 21:21:39.198: [INFO] BookmarkModelLoaded, ids_reassigned: 0
2026-08-27 21:21:39.198: [INFO] BookmarksLoadDropped droppedNodes=0
2026-08-27 21:21:39.199: [INFO] BookmarksSnapshot Startup total=0 bar=0 other=0 mobile=0 showBar=0 showBarNTP=1
2026-08-27 21:24:03.792: [INFO] BookmarksSnapshot Shutdown total=0 bar=0 other=0 mobile=0 showBar=0 showBarNTP=1
2026-08-27 21:24:05.336: [INFO] CurrentProfilePath: C:\Users\bidea\source\repos\gay.lol\gay.lol\bin\x64\Debug\net8.0-windows\gay.lol.exe.WebView2\EBWebView\Default
2026-08-27 21:24:05.336: [INFO] Profiles total count: 1
2026-08-27 21:24:05.337: [INFO] Profile: name=Profile 1 path=C:\Users\bidea\source\repos\gay.lol\gay.lol\bin\x64\Debug\net8.0-windows\gay.lol.exe.WebView2\EBWebView\Default lastActive=2026-08-27T21:24:01.196Z
2026-08-27 21:24:05.337: [INFO] LastUsedProfileDir: C:\Users\bidea\source\repos\gay.lol\gay.lol\bin\x64\Debug\net8.0-windows\gay.lol.exe.WebView2\EBWebView\Default
2026-08-27 21:24:05.337: [INFO] MostRecentlyActiveProfile: name=Profile 1 path=C:\Users\bidea\source\repos\gay.lol\gay.lol\bin\x64\Debug\net8.0-windows\gay.lol.exe.WebView2\EBWebView\Default lastActive=2026-08-27T21:24:01.196Z
2026-08-27 21:24:05.337: [INFO] OnDoneLoading sync enabled: 0
2026-08-27 21:24:05.337: [INFO] BookmarkModelLoaded, ids_reassigned: 0
2026-08-27 21:24:05.337: [INFO] BookmarksLoadDropped droppedNodes=0
2026-08-27 21:24:05.337: [INFO] BookmarksSnapshot Startup total=0 bar=0 other=0 mobile=0 showBar=0 showBarNTP=1
2026-08-27 21:25:08.121: [INFO] BookmarksSnapshot Shutdown total=0 bar=0 other=0 mobile=0 showBar=0 showBarNTP=1
2026-08-27 21:25:09.769: [INFO] CurrentProfilePath: C:\Users\bidea\source\repos\gay.lol\gay.lol\bin\x64\Debug\net8.0-windows\gay.lol.exe.WebView2\EBWebView\Default
2026-08-27 21:25:09.769: [INFO] Profiles total count: 1
2026-08-27 21:25:09.769: [INFO] Profile: name=Profile 1 path=C:\Users\bidea\source\repos\gay.lol\gay.lol\bin\x64\Debug\net8.0-windows\gay.lol.exe.WebView2\EBWebView\Default lastActive=2026-08-27T21:25:07.235Z
2026-08-27 21:25:09.769: [INFO] LastUsedProfileDir: C:\Users\bidea\source\repos\gay.lol\gay.lol\bin\x64\Debug\net8.0-windows\gay.lol.exe.WebView2\EBWebView\Default
2026-08-27 21:25:09.769: [INFO] MostRecentlyActiveProfile: name=Profile 1 path=C:\Users\bidea\source\repos\gay.lol\gay.lol\bin\x64\Debug\net8.0-windows\gay.lol.exe.WebView2\EBWebView\Default lastActive=2026-08-27T21:25:07.235Z
2026-08-27 21:25:09.769: [INFO] OnDoneLoading sync enabled: 0
2026-08-27 21:25:09.769: [INFO] BookmarkModelLoaded, ids_reassigned: 0
2026-08-27 21:25:09.769: [INFO] BookmarksLoadDropped droppedNodes=0
2026-08-27 21:25:09.769: [INFO] BookmarksSnapshot Startup total=0 bar=0 other=0 mobile=0 showBar=0 showBarNTP=1
2026-08-27 21:25:34.760: [INFO] BookmarksSnapshot Shutdown total=0 bar=0 other=0 mobile=0 showBar=0 showBarNTP=1
2026-08-27 21:27:34.048: [INFO] CurrentProfilePath: C:\Users\bidea\source\repos\gay.lol\gay.lol\bin\x64\Debug\net8.0-windows\gay.lol.exe.WebView2\EBWebView\Default
2026-08-27 21:27:34.048: [INFO] Profiles total count: 1
2026-08-27 21:27:34.048: [INFO] Profile: name=Profile 1 path=C:\Users\bidea\source\repos\gay.lol\gay.lol\bin\x64\Debug\net8.0-windows\gay.lol.exe.WebView2\EBWebView\Default lastActive=2026-08-27T21:25:28.777Z
2026-08-27 21:27:34.048: [INFO] LastUsedProfileDir: C:\Users\bidea\source\repos\gay.lol\gay.lol\bin\x64\Debug\net8.0-windows\gay.lol.exe.WebView2\EBWebView\Default
2026-08-27 21:27:34.048: [INFO] MostRecentlyActiveProfile: name=Profile 1 path=C:\Users\bidea\source\repos\gay.lol\gay.lol\bin\x64\Debug\net8.0-windows\gay.lol.exe.WebView2\EBWebView\Default lastActive=2026-08-27T21:25:28.777Z
2026-08-27 21:27:34.048: [INFO] OnDoneLoading sync enabled: 0
2026-08-27 21:27:34.048: [INFO] BookmarkModelLoaded, ids_reassigned: 0
2026-08-27 21:27:34.048: [INFO] BookmarksLoadDropped droppedNodes=0
2026-08-27 21:27:34.048: [INFO] BookmarksSnapshot Startup total=0 bar=0 other=0 mobile=0 showBar=0 showBarNTP=1
2026-08-27 21:27:48.138: [INFO] BookmarksSnapshot Shutdown total=0 bar=0 other=0 mobile=0 showBar=0 showBarNTP=1
2026-08-27 21:39:15.223: [INFO] CurrentProfilePath: C:\Users\bidea\source\repos\gay.lol\gay.lol\bin\x64\Debug\net8.0-windows\gay.lol.exe.WebView2\EBWebView\Default
2026-08-27 21:39:15.223: [INFO] Profiles total count: 1
2026-08-27 21:39:15.223: [INFO] Profile: name=Profile 1 path=C:\Users\bidea\source\repos\gay.lol\gay.lol\bin\x64\Debug\net8.0-windows\gay.lol.exe.WebView2\EBWebView\Default lastActive=2026-08-27T21:27:34.134Z
2026-08-27 21:39:15.223: [INFO] LastUsedProfileDir: C:\Users\bidea\source\repos\gay.lol\gay.lol\bin\x64\Debug\net8.0-windows\gay.lol.exe.WebView2\EBWebView\Default
2026-08-27 21:39:15.223: [INFO] MostRecentlyActiveProfile: name=Profile 1 path=C:\Users\bidea\source\repos\gay.lol\gay.lol\bin\x64\Debug\net8.0-windows\gay.lol.exe.WebView2\EBWebView\Default lastActive=2026-08-27T21:27:34.134Z
2026-08-27 21:39:15.223: [INFO] OnDoneLoading sync enabled: 0
2026-08-27 21:39:15.223: [INFO] BookmarkModelLoaded, ids_reassigned: 0
2026-08-27 21:39:15.223: [INFO] BookmarksLoadDropped droppedNodes=0
2026-08-27 21:39:15.223: [INFO] BookmarksSnapshot Startup total=0 bar=0 other=0 mobile=0 showBar=0 showBarNTP=1
2026-08-27 21:46:25.111: [INFO] BookmarksSnapshot Shutdown total=0 bar=0 other=0 mobile=0 showBar=0 showBarNTP=1
2026-08-27 22:20:22.187: [INFO] CurrentProfilePath: C:\Users\bidea\source\repos\gay.lol\gay.lol\bin\x64\Debug\net8.0-windows\gay.lol.exe.WebView2\EBWebView\Default
2026-08-27 22:20:22.187: [INFO] Profiles total count: 1
2026-08-27 22:20:22.187: [INFO] Profile: name=Profile 1 path=C:\Users\bidea\source\repos\gay.lol\gay.lol\bin\x64\Debug\net8.0-windows\gay.lol.exe.WebView2\EBWebView\Default lastActive=2026-08-27T21:46:22.872Z
2026-08-27 22:20:22.187: [INFO] LastUsedProfileDir: C:\Users\bidea\source\repos\gay.lol\gay.lol\bin\x64\Debug\net8.0-windows\gay.lol.exe.WebView2\EBWebView\Default
2026-08-27 22:20:22.187: [INFO] MostRecentlyActiveProfile: name=Profile 1 path=C:\Users\bidea\source\repos\gay.lol\gay.lol\bin\x64\Debug\net8.0-windows\gay.lol.exe.WebView2\EBWebView\Default lastActive=2026-08-27T21:46:22.872Z
2026-08-27 22:20:22.187: [INFO] OnDoneLoading sync enabled: 0
2026-08-27 22:20:22.187: [INFO] BookmarkModelLoaded, ids_reassigned: 0
2026-08-27 22:20:22.187: [INFO] BookmarksLoadDropped droppedNodes=0
2026-08-27 22:20:22.187: [INFO] BookmarksSnapshot Startup total=0 bar=0 other=0 mobile=0 showBar=0 showBarNTP=1
2026-08-27 22:21:15.767: [INFO] BookmarksSnapshot Shutdown total=0 bar=0 other=0 mobile=0 showBar=0 showBarNTP=1
2026-08-27 22:21:29.035: [INFO] CurrentProfilePath: C:\Users\bidea\source\repos\gay.lol\gay.lol\bin\x64\Debug\net8.0-windows\gay.lol.exe.WebView2\EBWebView\Default
2026-08-27 22:21:29.035: [INFO] Profiles total count: 1
2026-08-27 22:21:29.035: [INFO] Profile: name=Profile 1 path=C:\Users\bidea\source\repos\gay.lol\gay.lol\bin\x64\Debug\net8.0-windows\gay.lol.exe.WebView2\EBWebView\Default lastActive=2026-08-27T22:21:10.311Z
2026-08-27 22:21:29.035: [INFO] LastUsedProfileDir: C:\Users\bidea\source\repos\gay.lol\gay.lol\bin\x64\Debug\net8.0-windows\gay.lol.exe.WebView2\EBWebView\Default
2026-08-27 22:21:29.035: [INFO] MostRecentlyActiveProfile: name=Profile 1 path=C:\Users\bidea\source\repos\gay.lol\gay.lol\bin\x64\Debug\net8.0-windows\gay.lol.exe.WebView2\EBWebView\Default lastActive=2026-08-27T22:21:10.311Z
2026-08-27 22:21:29.035: [INFO] OnDoneLoading sync enabled: 0
2026-08-27 22:21:29.035: [INFO] BookmarkModelLoaded, ids_reassigned: 0
2026-08-27 22:21:29.035: [INFO] BookmarksLoadDropped droppedNodes=0
2026-08-27 22:21:29.035: [INFO] BookmarksSnapshot Startup total=0 bar=0 other=0 mobile=0 showBar=0 showBarNTP=1
2026-08-27 22:21:46.300: [INFO] BookmarksSnapshot Shutdown total=0 bar=0 other=0 mobile=0 showBar=0 showBarNTP=1
2026-08-27 22:23:53.279: [INFO] CurrentProfilePath: C:\Users\bidea\source\repos\gay.lol\gay.lol\bin\x64\Debug\net8.0-windows\gay.lol.exe.WebView2\EBWebView\Default
2026-08-27 22:23:53.279: [INFO] Profiles total count: 1
2026-08-27 22:23:53.279: [INFO] Profile: name=Profile 1 path=C:\Users\bidea\source\repos\gay.lol\gay.lol\bin\x64\Debug\net8.0-windows\gay.lol.exe.WebView2\EBWebView\Default lastActive=2026-08-27T22:21:29.116Z
2026-08-27 22:23:53.279: [INFO] LastUsedProfileDir: C:\Users\bidea\source\repos\gay.lol\gay.lol\bin\x64\Debug\net8.0-windows\gay.lol.exe.WebView2\EBWebView\Default
2026-08-27 22:23:53.279: [INFO] MostRecentlyActiveProfile: name=Profile 1 path=C:\Users\bidea\source\repos\gay.lol\gay.lol\bin\x64\Debug\net8.0-windows\gay.lol.exe.WebView2\EBWebView\Default lastActive=2026-08-27T22:21:29.116Z
2026-08-27 22:23:53.279: [INFO] OnDoneLoading sync enabled: 0
2026-08-27 22:23:53.279: [INFO] BookmarkModelLoaded, ids_reassigned: 0
2026-08-27 22:23:53.279: [INFO] BookmarksLoadDropped droppedNodes=0
2026-08-27 22:23:53.279: [INFO] BookmarksSnapshot Startup total=0 bar=0 other=0 mobile=0 showBar=0 showBarNTP=1
2026-08-27 22:29:32.169: [INFO] BookmarksSnapshot Shutdown total=0 bar=0 other=0 mobile=0 showBar=0 showBarNTP=1
2026-08-27 22:29:38.685: [INFO] CurrentProfilePath: C:\Users\bidea\source\repos\gay.lol\gay.lol\bin\x64\Debug\net8.0-windows\gay.lol.exe.WebView2\EBWebView\Default
2026-08-27 22:29:38.685: [INFO] Profiles total count: 1
2026-08-27 22:29:38.685: [INFO] Profile: name=Profile 1 path=C:\Users\bidea\source\repos\gay.lol\gay.lol\bin\x64\Debug\net8.0-windows\gay.lol.exe.WebView2\EBWebView\Default lastActive=2026-08-27T22:29:30.573Z
2026-08-27 22:29:38.685: [INFO] LastUsedProfileDir: C:\Users\bidea\source\repos\gay.lol\gay.lol\bin\x64\Debug\net8.0-windows\gay.lol.exe.WebView2\EBWebView\Default
2026-08-27 22:29:38.686: [INFO] MostRecentlyActiveProfile: name=Profile 1 path=C:\Users\bidea\source\repos\gay.lol\gay.lol\bin\x64\Debug\net8.0-windows\gay.lol.exe.WebView2\EBWebView\Default lastActive=2026-08-27T22:29:30.573Z
2026-08-27 22:29:38.686: [INFO] OnDoneLoading sync enabled: 0
2026-08-27 22:29:38.686: [INFO] BookmarkModelLoaded, ids_reassigned: 0
2026-08-27 22:29:38.686: [INFO] BookmarksLoadDropped droppedNodes=0
2026-08-27 22:29:38.686: [INFO] BookmarksSnapshot Startup total=0 bar=0 other=0 mobile=0 showBar=0 showBarNTP=1
2026-08-27 22:33:39.830: [INFO] BookmarksSnapshot Shutdown total=0 bar=0 other=0 mobile=0 showBar=0 showBarNTP=1
2026-08-27 22:37:03.015: [INFO] CurrentProfilePath: C:\Users\bidea\source\repos\gay.lol\gay.lol\bin\x64\Debug\net8.0-windows\gay.lol.exe.WebView2\EBWebView\Default
2026-08-27 22:37:03.015: [INFO] Profiles total count: 1
2026-08-27 22:37:03.015: [INFO] Profile: name=Profile 1 path=C:\Users\bidea\source\repos\gay.lol\gay.lol\bin\x64\Debug\net8.0-windows\gay.lol.exe.WebView2\EBWebView\Default lastActive=2026-08-27T22:33:38.497Z
2026-08-27 22:37:03.015: [INFO] LastUsedProfileDir: C:\Users\bidea\source\repos\gay.lol\gay.lol\bin\x64\Debug\net8.0-windows\gay.lol.exe.WebView2\EBWebView\Default
2026-08-27 22:37:03.016: [INFO] MostRecentlyActiveProfile: name=Profile 1 path=C:\Users\bidea\source\repos\gay.lol\gay.lol\bin\x64\Debug\net8.0-windows\gay.lol.exe.WebView2\EBWebView\Default lastActive=2026-08-27T22:33:38.497Z
2026-08-27 22:37:03.016: [INFO] OnDoneLoading sync enabled: 0
2026-08-27 22:37:03.016: [INFO] BookmarkModelLoaded, ids_reassigned: 0
2026-08-27 22:37:03.016: [INFO] BookmarksLoadDropped droppedNodes=0
2026-08-27 22:37:03.016: [INFO] BookmarksSnapshot Startup total=0 bar=0 other=0 mobile=0 showBar=0 showBarNTP=1
2026-08-27 22:40:56.069: [INFO] BookmarksSnapshot Shutdown total=0 bar=0 other=0 mobile=0 showBar=0 showBarNTP=1
2026-08-27 22:41:01.783: [INFO] CurrentProfilePath: C:\Users\bidea\source\repos\gay.lol\gay.lol\bin\x64\Debug\net8.0-windows\gay.lol.exe.WebView2\EBWebView\Default
2026-08-27 22:41:01.783: [INFO] Profiles total count: 1
2026-08-27 22:41:01.783: [INFO] Profile: name=Profile 1 path=C:\Users\bidea\source\repos\gay.lol\gay.lol\bin\x64\Debug\net8.0-windows\gay.lol.exe.WebView2\EBWebView\Default lastActive=2026-08-27T22:40:13.757Z
2026-08-27 22:41:01.783: [INFO] LastUsedProfileDir: C:\Users\bidea\source\repos\gay.lol\gay.lol\bin\x64\Debug\net8.0-windows\gay.lol.exe.WebView2\EBWebView\Default
2026-08-27 22:41:01.783: [INFO] MostRecentlyActiveProfile: name=Profile 1 path=C:\Users\bidea\source\repos\gay.lol\gay.lol\bin\x64\Debug\net8.0-windows\gay.lol.exe.WebView2\EBWebView\Default lastActive=2026-08-27T22:40:13.757Z
2026-08-27 22:41:01.783: [INFO] OnDoneLoading sync enabled: 0
2026-08-27 22:41:01.783: [INFO] BookmarkModelLoaded, ids_reassigned: 0
2026-08-27 22:41:01.783: [INFO] BookmarksLoadDropped droppedNodes=0
2026-08-27 22:41:01.783: [INFO] BookmarksSnapshot Startup total=0 bar=0 other=0 mobile=0 showBar=0 showBarNTP=1
2026-08-27 22:42:16.043: [INFO] BookmarksSnapshot Shutdown total=0 bar=0 other=0 mobile=0 showBar=0 showBarNTP=1
2026-08-27 22:42:55.126: [INFO] CurrentProfilePath: C:\Users\bidea\source\repos\gay.lol\gay.lol\bin\x64\Debug\net8.0-windows\gay.lol.exe.WebView2\EBWebView\Default
2026-08-27 22:42:55.126: [INFO] Profiles total count: 1
2026-08-27 22:42:55.126: [INFO] Profile: name=Profile 1 path=C:\Users\bidea\source\repos\gay.lol\gay.lol\bin\x64\Debug\net8.0-windows\gay.lol.exe.WebView2\EBWebView\Default lastActive=2026-08-27T22:42:14.667Z
2026-08-27 22:42:55.126: [INFO] LastUsedProfileDir: C:\Users\bidea\source\repos\gay.lol\gay.lol\bin\x64\Debug\net8.0-windows\gay.lol.exe.WebView2\EBWebView\Default
2026-08-27 22:42:55.126: [INFO] MostRecentlyActiveProfile: name=Profile 1 path=C:\Users\bidea\source\repos\gay.lol\gay.lol\bin\x64\Debug\net8.0-windows\gay.lol.exe.WebView2\EBWebView\Default lastActive=2026-08-27T22:42:14.667Z
2026-08-27 22:42:55.126: [INFO] OnDoneLoading sync enabled: 0
2026-08-27 22:42:55.126: [INFO] BookmarkModelLoaded, ids_reassigned: 0
2026-08-27 22:42:55.126: [INFO] BookmarksLoadDropped droppedNodes=0
2026-08-27 22:42:55.126: [INFO] BookmarksSnapshot Startup total=0 bar=0 other=0 mobile=0 showBar=0 showBarNTP=1
2026-08-27 22:43:07.848: [INFO] BookmarksSnapshot Shutdown total=0 bar=0 other=0 mobile=0 showBar=0 showBarNTP=1
2026-08-27 22:44:19.514: [INFO] CurrentProfilePath: C:\Users\bidea\source\repos\gay.lol\gay.lol\bin\x64\Debug\net8.0-windows\gay.lol.exe.WebView2\EBWebView\Default
2026-08-27 22:44:19.514: [INFO] Profiles total count: 1
2026-08-27 22:44:19.514: [INFO] Profile: name=Profile 1 path=C:\Users\bidea\source\repos\gay.lol\gay.lol\bin\x64\Debug\net8.0-windows\gay.lol.exe.WebView2\EBWebView\Default lastActive=2026-08-27T22:42:55.214Z
2026-08-27 22:44:19.514: [INFO] LastUsedProfileDir: C:\Users\bidea\source\repos\gay.lol\gay.lol\bin\x64\Debug\net8.0-windows\gay.lol.exe.WebView2\EBWebView\Default
2026-08-27 22:44:19.514: [INFO] MostRecentlyActiveProfile: name=Profile 1 path=C:\Users\bidea\source\repos\gay.lol\gay.lol\bin\x64\Debug\net8.0-windows\gay.lol.exe.WebView2\EBWebView\Default lastActive=2026-08-27T22:42:55.214Z
2026-08-27 22:44:19.514: [INFO] OnDoneLoading sync enabled: 0
2026-08-27 22:44:19.514: [INFO] BookmarkModelLoaded, ids_reassigned: 0
2026-08-27 22:44:19.514: [INFO] BookmarksLoadDropped droppedNodes=0
2026-08-27 22:44:19.514: [INFO] BookmarksSnapshot Startup total=0 bar=0 other=0 mobile=0 showBar=0 showBarNTP=1
2026-08-27 22:44:42.490: [INFO] BookmarksSnapshot Shutdown total=0 bar=0 other=0 mobile=0 showBar=0 showBarNTP=1
2026-08-27 22:45:49.335: [INFO] CurrentProfilePath: C:\Users\bidea\source\repos\gay.lol\gay.lol\bin\x64\Debug\net8.0-windows\gay.lol.exe.WebView2\EBWebView\Default
2026-08-27 22:45:49.335: [INFO] Profiles total count: 1
2026-08-27 22:45:49.335: [INFO] Profile: name=Profile 1 path=C:\Users\bidea\source\repos\gay.lol\gay.lol\bin\x64\Debug\net8.0-windows\gay.lol.exe.WebView2\EBWebView\Default lastActive=2026-08-27T22:44:19.635Z
2026-08-27 22:45:49.335: [INFO] LastUsedProfileDir: C:\Users\bidea\source\repos\gay.lol\gay.lol\bin\x64\Debug\net8.0-windows\gay.lol.exe.WebView2\EBWebView\Default
2026-08-27 22:45:49.336: [INFO] MostRecentlyActiveProfile: name=Profile 1 path=C:\Users\bidea\source\repos\gay.lol\gay.lol\bin\x64\Debug\net8.0-windows\gay.lol.exe.WebView2\EBWebView\Default lastActive=2026-08-27T22:44:19.635Z
2026-08-27 22:45:49.336: [INFO] OnDoneLoading sync enabled: 0
2026-08-27 22:45:49.336: [INFO] BookmarkModelLoaded, ids_reassigned: 0
2026-08-27 22:45:49.336: [INFO] BookmarksLoadDropped droppedNodes=0
2026-08-27 22:45:49.336: [INFO] BookmarksSnapshot Startup total=0 bar=0 other=0 mobile=0 showBar=0 showBarNTP=1
2026-08-27 22:57:53.098: [INFO] BookmarksSnapshot Shutdown total=0 bar=0 other=0 mobile=0 showBar=0 showBarNTP=1
2026-08-27 22:57:55.037: [INFO] CurrentProfilePath: C:\Users\bidea\source\repos\gay.lol\gay.lol\bin\x64\Debug\net8.0-windows\gay.lol.exe.WebView2\EBWebView\Default
2026-08-27 22:57:55.037: [INFO] Profiles total count: 1
2026-08-27 22:57:55.037: [INFO] Profile: name=Profile 1 path=C:\Users\bidea\source\repos\gay.lol\gay.lol\bin\x64\Debug\net8.0-windows\gay.lol.exe.WebView2\EBWebView\Default lastActive=2026-08-27T22:57:51.758Z
2026-08-27 22:57:55.037: [INFO] LastUsedProfileDir: C:\Users\bidea\source\repos\gay.lol\gay.lol\bin\x64\Debug\net8.0-windows\gay.lol.exe.WebView2\EBWebView\Default
2026-08-27 22:57:55.037: [INFO] MostRecentlyActiveProfile: name=Profile 1 path=C:\Users\bidea\source\repos\gay.lol\gay.lol\bin\x64\Debug\net8.0-windows\gay.lol.exe.WebView2\EBWebView\Default lastActive=2026-08-27T22:57:51.758Z
2026-08-27 22:57:55.037: [INFO] OnDoneLoading sync enabled: 0
2026-08-27 22:57:55.037: [INFO] BookmarkModelLoaded, ids_reassigned: 0
2026-08-27 22:57:55.037: [INFO] BookmarksLoadDropped droppedNodes=0
2026-08-27 22:57:55.037: [INFO] BookmarksSnapshot Startup total=0 bar=0 other=0 mobile=0 showBar=0 showBarNTP=1
2026-08-27 22:58:01.456: [INFO] BookmarksSnapshot Shutdown total=0 bar=0 other=0 mobile=0 showBar=0 showBarNTP=1
2026-08-27 23:04:10.630: [INFO] CurrentProfilePath: C:\Users\bidea\source\repos\gay.lol\gay.lol\bin\x64\Debug\net8.0-windows\gay.lol.exe.WebView2\EBWebView\Default
2026-08-27 23:04:10.630: [INFO] Profiles total count: 1
2026-08-27 23:04:10.630: [INFO] Profile: name=Profile 1 path=C:\Users\bidea\source\repos\gay.lol\gay.lol\bin\x64\Debug\net8.0-windows\gay.lol.exe.WebView2\EBWebView\Default lastActive=2026-08-27T22:57:55.132Z
2026-08-27 23:04:10.630: [INFO] LastUsedProfileDir: C:\Users\bidea\source\repos\gay.lol\gay.lol\bin\x64\Debug\net8.0-windows\gay.lol.exe.WebView2\EBWebView\Default
2026-08-27 23:04:10.630: [INFO] MostRecentlyActiveProfile: name=Profile 1 path=C:\Users\bidea\source\repos\gay.lol\gay.lol\bin\x64\Debug\net8.0-windows\gay.lol.exe.WebView2\EBWebView\Default lastActive=2026-08-27T22:57:55.132Z
2026-08-27 23:04:10.630: [INFO] OnDoneLoading sync enabled: 0
2026-08-27 23:04:10.631: [INFO] BookmarkModelLoaded, ids_reassigned: 0
2026-08-27 23:04:10.631: [INFO] BookmarksLoadDropped droppedNodes=0
2026-08-27 23:04:10.631: [INFO] BookmarksSnapshot Startup total=0 bar=0 other=0 mobile=0 showBar=0 showBarNTP=1
2026-08-27 23:05:26.780: [INFO] BookmarksSnapshot Shutdown total=0 bar=0 other=0 mobile=0 showBar=0 showBarNTP=1
2026-08-27 23:05:30.910: [INFO] CurrentProfilePath: C:\Users\bidea\source\repos\gay.lol\gay.lol\bin\x64\Debug\net8.0-windows\gay.lol.exe.WebView2\EBWebView\Default
2026-08-27 23:05:30.910: [INFO] Profiles total count: 1
2026-08-27 23:05:30.910: [INFO] Profile: name=Profile 1 path=C:\Users\bidea\source\repos\gay.lol\gay.lol\bin\x64\Debug\net8.0-windows\gay.lol.exe.WebView2\EBWebView\Default lastActive=2026-08-27T23:05:25.611Z
2026-08-27 23:05:30.910: [INFO] LastUsedProfileDir: C:\Users\bidea\source\repos\gay.lol\gay.lol\bin\x64\Debug\net8.0-windows\gay.lol.exe.WebView2\EBWebView\Default
2026-08-27 23:05:30.910: [INFO] MostRecentlyActiveProfile: name=Profile 1 path=C:\Users\bidea\source\repos\gay.lol\gay.lol\bin\x64\Debug\net8.0-windows\gay.lol.exe.WebView2\EBWebView\Default lastActive=2026-08-27T23:05:25.611Z
2026-08-27 23:05:30.911: [INFO] OnDoneLoading sync enabled: 0
2026-08-27 23:05:30.911: [INFO] BookmarkModelLoaded, ids_reassigned: 0
2026-08-27 23:05:30.911: [INFO] BookmarksLoadDropped droppedNodes=0
2026-08-27 23:05:30.911: [INFO] BookmarksSnapshot Startup total=0 bar=0 other=0 mobile=0 showBar=0 showBarNTP=1
2026-08-27 23:09:29.858: [INFO] BookmarksSnapshot Shutdown total=0 bar=0 other=0 mobile=0 showBar=0 showBarNTP=1
2026-08-27 23:09:35.491: [INFO] CurrentProfilePath: C:\Users\bidea\source\repos\gay.lol\gay.lol\bin\x64\Debug\net8.0-windows\gay.lol.exe.WebView2\EBWebView\Default
2026-08-27 23:09:35.491: [INFO] Profiles total count: 1
2026-08-27 23:09:35.492: [INFO] Profile: name=Profile 1 path=C:\Users\bidea\source\repos\gay.lol\gay.lol\bin\x64\Debug\net8.0-windows\gay.lol.exe.WebView2\EBWebView\Default lastActive=2026-08-27T23:08:00.071Z
2026-08-27 23:09:35.492: [INFO] LastUsedProfileDir: C:\Users\bidea\source\repos\gay.lol\gay.lol\bin\x64\Debug\net8.0-windows\gay.lol.exe.WebView2\EBWebView\Default
2026-08-27 23:09:35.492: [INFO] MostRecentlyActiveProfile: name=Profile 1 path=C:\Users\bidea\source\repos\gay.lol\gay.lol\bin\x64\Debug\net8.0-windows\gay.lol.exe.WebView2\EBWebView\Default lastActive=2026-08-27T23:08:00.071Z
2026-08-27 23:09:35.492: [INFO] OnDoneLoading sync enabled: 0
2026-08-27 23:09:35.492: [INFO] BookmarkModelLoaded, ids_reassigned: 0
2026-08-27 23:09:35.492: [INFO] BookmarksLoadDropped droppedNodes=0
2026-08-27 23:09:35.492: [INFO] BookmarksSnapshot Startup total=0 bar=0 other=0 mobile=0 showBar=0 showBarNTP=1
2026-08-27 23:09:57.493: [INFO] BookmarksSnapshot Shutdown total=0 bar=0 other=0 mobile=0 showBar=0 showBarNTP=1
2026-08-28 10:11:02.318: [INFO] CurrentProfilePath: C:\Users\bidea\source\repos\gay.lol\gay.lol\bin\x64\Debug\net8.0-windows\gay.lol.exe.WebView2\EBWebView\Default
2026-08-28 10:11:02.318: [INFO] Profiles total count: 1
2026-08-28 10:11:02.318: [INFO] Profile: name=Profile 1 path=C:\Users\bidea\source\repos\gay.lol\gay.lol\bin\x64\Debug\net8.0-windows\gay.lol.exe.WebView2\EBWebView\Default lastActive=2026-08-27T23:09:35.586Z
2026-08-28 10:11:02.318: [INFO] LastUsedProfileDir: C:\Users\bidea\source\repos\gay.lol\gay.lol\bin\x64\Debug\net8.0-windows\gay.lol.exe.WebView2\EBWebView\Default
2026-08-28 10:11:02.318: [INFO] MostRecentlyActiveProfile: name=Profile 1 path=C:\Users\bidea\source\repos\gay.lol\gay.lol\bin\x64\Debug\net8.0-windows\gay.lol.exe.WebView2\EBWebView\Default lastActive=2026-08-27T23:09:35.586Z
2026-08-28 10:11:02.318: [INFO] OnDoneLoading sync enabled: 0
2026-08-28 10:11:02.318: [INFO] BookmarkModelLoaded, ids_reassigned: 0
2026-08-28 10:11:02.318: [INFO] BookmarksLoadDropped droppedNodes=0
2026-08-28 10:11:02.318: [INFO] BookmarksSnapshot Startup total=0 bar=0 other=0 mobile=0 showBar=0 showBarNTP=1
2026-08-28 10:11:35.471: [INFO] BookmarksSnapshot Shutdown total=0 bar=0 other=0 mobile=0 showBar=0 showBarNTP=1
2026-08-28 10:13:34.029: [INFO] CurrentProfilePath: C:\Users\bidea\source\repos\gay.lol\gay.lol\bin\x64\Debug\net8.0-windows\gay.lol.exe.WebView2\EBWebView\Default
2026-08-28 10:13:34.029: [INFO] Profiles total count: 1
2026-08-28 10:13:34.030: [INFO] Profile: name=Profile 1 path=C:\Users\bidea\source\repos\gay.lol\gay.lol\bin\x64\Debug\net8.0-windows\gay.lol.exe.WebView2\EBWebView\Default lastActive=2026-08-28T10:11:11.334Z
2026-08-28 10:13:34.030: [INFO] LastUsedProfileDir: C:\Users\bidea\source\repos\gay.lol\gay.lol\bin\x64\Debug\net8.0-windows\gay.lol.exe.WebView2\EBWebView\Default
2026-08-28 10:13:34.030: [INFO] MostRecentlyActiveProfile: name=Profile 1 path=C:\Users\bidea\source\repos\gay.lol\gay.lol\bin\x64\Debug\net8.0-windows\gay.lol.exe.WebView2\EBWebView\Default lastActive=2026-08-28T10:11:11.334Z
2026-08-28 10:13:34.030: [INFO] OnDoneLoading sync enabled: 0
2026-08-28 10:13:34.030: [INFO] BookmarkModelLoaded, ids_reassigned: 0
2026-08-28 10:13:34.030: [INFO] BookmarksLoadDropped droppedNodes=0
2026-08-28 10:13:34.030: [INFO] BookmarksSnapshot Startup total=0 bar=0 other=0 mobile=0 showBar=0 showBarNTP=1
2026-08-28 10:13:54.259: [INFO] BookmarksSnapshot Shutdown total=0 bar=0 other=0 mobile=0 showBar=0 showBarNTP=1
2026-08-28 10:16:01.559: [INFO] CurrentProfilePath: C:\Users\bidea\source\repos\gay.lol\gay.lol\bin\x64\Debug\net8.0-windows\gay.lol.exe.WebView2\EBWebView\Default
2026-08-28 10:16:01.559: [INFO] Profiles total count: 1
2026-08-28 10:16:01.560: [INFO] Profile: name=Profile 1 path=C:\Users\bidea\source\repos\gay.lol\gay.lol\bin\x64\Debug\net8.0-windows\gay.lol.exe.WebView2\EBWebView\Default lastActive=2026-08-28T10:13:34.110Z
2026-08-28 10:16:01.560: [INFO] LastUsedProfileDir: C:\Users\bidea\source\repos\gay.lol\gay.lol\bin\x64\Debug\net8.0-windows\gay.lol.exe.WebView2\EBWebView\Default
2026-08-28 10:16:01.560: [INFO] MostRecentlyActiveProfile: name=Profile 1 path=C:\Users\bidea\source\repos\gay.lol\gay.lol\bin\x64\Debug\net8.0-windows\gay.lol.exe.WebView2\EBWebView\Default lastActive=2026-08-28T10:13:34.110Z
2026-08-28 10:16:01.560: [INFO] OnDoneLoading sync enabled: 0
2026-08-28 10:16:01.560: [INFO] BookmarkModelLoaded, ids_reassigned: 0
2026-08-28 10:16:01.560: [INFO] BookmarksLoadDropped droppedNodes=0
2026-08-28 10:16:01.560: [INFO] BookmarksSnapshot Startup total=0 bar=0 other=0 mobile=0 showBar=0 showBarNTP=1
2026-08-28 10:39:36.714: [INFO] BookmarksSnapshot Shutdown total=0 bar=0 other=0 mobile=0 showBar=0 showBarNTP=1
2026-08-28 10:39:43.608: [INFO] CurrentProfilePath: C:\Users\bidea\source\repos\gay.lol\gay.lol\bin\x64\Debug\net8.0-windows\gay.lol.exe.WebView2\EBWebView\Default
2026-08-28 10:39:43.608: [INFO] Profiles total count: 1
2026-08-28 10:39:43.608: [INFO] Profile: name=Profile 1 path=C:\Users\bidea\source\repos\gay.lol\gay.lol\bin\x64\Debug\net8.0-windows\gay.lol.exe.WebView2\EBWebView\Default lastActive=2026-08-28T10:39:35.099Z
2026-08-28 10:39:43.608: [INFO] LastUsedProfileDir: C:\Users\bidea\source\repos\gay.lol\gay.lol\bin\x64\Debug\net8.0-windows\gay.lol.exe.WebView2\EBWebView\Default
2026-08-28 10:39:43.608: [INFO] MostRecentlyActiveProfile: name=Profile 1 path=C:\Users\bidea\source\repos\gay.lol\gay.lol\bin\x64\Debug\net8.0-windows\gay.lol.exe.WebView2\EBWebView\Default lastActive=2026-08-28T10:39:35.099Z
2026-08-28 10:39:43.608: [INFO] OnDoneLoading sync enabled: 0
2026-08-28 10:39:43.608: [INFO] BookmarkModelLoaded, ids_reassigned: 0
2026-08-28 10:39:43.608: [INFO] BookmarksLoadDropped droppedNodes=0
2026-08-28 10:39:43.608: [INFO] BookmarksSnapshot Startup total=0 bar=0 other=0 mobile=0 showBar=0 showBarNTP=1
2026-08-28 10:43:43.553: [INFO] BookmarksSnapshot Shutdown total=0 bar=0 other=0 mobile=0 showBar=0 showBarNTP=1
2026-08-28 10:43:51.998: [INFO] CurrentProfilePath: C:\Users\bidea\source\repos\gay.lol\gay.lol\bin\x64\Debug\net8.0-windows\gay.lol.exe.WebView2\EBWebView\Default
2026-08-28 10:43:51.998: [INFO] Profiles total count: 1
2026-08-28 10:43:51.999: [INFO] Profile: name=Profile 1 path=C:\Users\bidea\source\repos\gay.lol\gay.lol\bin\x64\Debug\net8.0-windows\gay.lol.exe.WebView2\EBWebView\Default lastActive=2026-08-28T10:43:42.251Z
2026-08-28 10:43:51.999: [INFO] LastUsedProfileDir: C:\Users\bidea\source\repos\gay.lol\gay.lol\bin\x64\Debug\net8.0-windows\gay.lol.exe.WebView2\EBWebView\Default
2026-08-28 10:43:51.999: [INFO] MostRecentlyActiveProfile: name=Profile 1 path=C:\Users\bidea\source\repos\gay.lol\gay.lol\bin\x64\Debug\net8.0-windows\gay.lol.exe.WebView2\EBWebView\Default lastActive=2026-08-28T10:43:42.251Z
2026-08-28 10:43:51.999: [INFO] OnDoneLoading sync enabled: 0
2026-08-28 10:43:51.999: [INFO] BookmarkModelLoaded, ids_reassigned: 0
2026-08-28 10:43:51.999: [INFO] BookmarksLoadDropped droppedNodes=0
2026-08-28 10:43:51.999: [INFO] BookmarksSnapshot Startup total=0 bar=0 other=0 mobile=0 showBar=0 showBarNTP=1
2026-08-28 10:46:15.686: [INFO] BookmarksSnapshot Shutdown total=0 bar=0 other=0 mobile=0 showBar=0 showBarNTP=1
2026-08-28 10:46:21.041: [INFO] CurrentProfilePath: C:\Users\bidea\source\repos\gay.lol\gay.lol\bin\x64\Debug\net8.0-windows\gay.lol.exe.WebView2\EBWebView\Default
2026-08-28 10:46:21.041: [INFO] Profiles total count: 1
2026-08-28 10:46:21.041: [INFO] Profile: name=Profile 1 path=C:\Users\bidea\source\repos\gay.lol\gay.lol\bin\x64\Debug\net8.0-windows\gay.lol.exe.WebView2\EBWebView\Default lastActive=2026-08-28T10:46:14.762Z
2026-08-28 10:46:21.041: [INFO] LastUsedProfileDir: C:\Users\bidea\source\repos\gay.lol\gay.lol\bin\x64\Debug\net8.0-windows\gay.lol.exe.WebView2\EBWebView\Default
2026-08-28 10:46:21.041: [INFO] MostRecentlyActiveProfile: name=Profile 1 path=C:\Users\bidea\source\repos\gay.lol\gay.lol\bin\x64\Debug\net8.0-windows\gay.lol.exe.WebView2\EBWebView\Default lastActive=2026-08-28T10:46:14.762Z
2026-08-28 10:46:21.041: [INFO] OnDoneLoading sync enabled: 0
2026-08-28 10:46:21.041: [INFO] BookmarkModelLoaded, ids_reassigned: 0
2026-08-28 10:46:21.041: [INFO] BookmarksLoadDropped droppedNodes=0
2026-08-28 10:46:21.041: [INFO] BookmarksSnapshot Startup total=0 bar=0 other=0 mobile=0 showBar=0 showBarNTP=1
2026-08-28 10:52:10.953: [INFO] BookmarksSnapshot Shutdown total=0 bar=0 other=0 mobile=0 showBar=0 showBarNTP=1
2026-08-28 10:52:15.951: [INFO] CurrentProfilePath: C:\Users\bidea\source\repos\gay.lol\gay.lol\bin\x64\Debug\net8.0-windows\gay.lol.exe.WebView2\EBWebView\Default
2026-08-28 10:52:15.951: [INFO] Profiles total count: 1
2026-08-28 10:52:15.951: [INFO] Profile: name=Profile 1 path=C:\Users\bidea\source\repos\gay.lol\gay.lol\bin\x64\Debug\net8.0-windows\gay.lol.exe.WebView2\EBWebView\Default lastActive=2026-08-28T10:52:09.956Z
2026-08-28 10:52:15.951: [INFO] LastUsedProfileDir: C:\Users\bidea\source\repos\gay.lol\gay.lol\bin\x64\Debug\net8.0-windows\gay.lol.exe.WebView2\EBWebView\Default
2026-08-28 10:52:15.951: [INFO] MostRecentlyActiveProfile: name=Profile 1 path=C:\Users\bidea\source\repos\gay.lol\gay.lol\bin\x64\Debug\net8.0-windows\gay.lol.exe.WebView2\EBWebView\Default lastActive=2026-08-28T10:52:09.956Z
2026-08-28 10:52:15.951: [INFO] OnDoneLoading sync enabled: 0
2026-08-28 10:52:15.951: [INFO] BookmarkModelLoaded, ids_reassigned: 0
2026-08-28 10:52:15.951: [INFO] BookmarksLoadDropped droppedNodes=0
2026-08-28 10:52:15.951: [INFO] BookmarksSnapshot Startup total=0 bar=0 other=0 mobile=0 showBar=0 showBarNTP=1
2026-08-28 10:53:34.174: [INFO] BookmarksSnapshot Shutdown total=0 bar=0 other=0 mobile=0 showBar=0 showBarNTP=1
2026-08-28 10:56:25.747: [INFO] CurrentProfilePath: C:\Users\bidea\source\repos\gay.lol\gay.lol\bin\x64\Debug\net8.0-windows\gay.lol.exe.WebView2\EBWebView\Default
2026-08-28 10:56:25.747: [INFO] Profiles total count: 1
2026-08-28 10:56:25.747: [INFO] Profile: name=Profile 1 path=C:\Users\bidea\source\repos\gay.lol\gay.lol\bin\x64\Debug\net8.0-windows\gay.lol.exe.WebView2\EBWebView\Default lastActive=2026-08-28T10:53:32.247Z
2026-08-28 10:56:25.747: [INFO] LastUsedProfileDir: C:\Users\bidea\source\repos\gay.lol\gay.lol\bin\x64\Debug\net8.0-windows\gay.lol.exe.WebView2\EBWebView\Default
2026-08-28 10:56:25.747: [INFO] MostRecentlyActiveProfile: name=Profile 1 path=C:\Users\bidea\source\repos\gay.lol\gay.lol\bin\x64\Debug\net8.0-windows\gay.lol.exe.WebView2\EBWebView\Default lastActive=2026-08-28T10:53:32.247Z
2026-08-28 10:56:25.747: [INFO] OnDoneLoading sync enabled: 0
2026-08-28 10:56:25.747: [INFO] BookmarkModelLoaded, ids_reassigned: 0
2026-08-28 10:56:25.747: [INFO] BookmarksLoadDropped droppedNodes=0
2026-08-28 10:56:25.747: [INFO] BookmarksSnapshot Startup total=0 bar=0 other=0 mobile=0 showBar=0 showBarNTP=1
2026-08-28 10:59:39.988: [INFO] BookmarksSnapshot Shutdown total=0 bar=0 other=0 mobile=0 showBar=0 showBarNTP=1
2026-08-28 10:59:44.900: [INFO] CurrentProfilePath: C:\Users\bidea\source\repos\gay.lol\gay.lol\bin\x64\Debug\net8.0-windows\gay.lol.exe.WebView2\EBWebView\Default
2026-08-28 10:59:44.900: [INFO] Profiles total count: 1
2026-08-28 10:59:44.900: [INFO] Profile: name=Profile 1 path=C:\Users\bidea\source\repos\gay.lol\gay.lol\bin\x64\Debug\net8.0-windows\gay.lol.exe.WebView2\EBWebView\Default lastActive=2026-08-28T10:59:38.288Z
2026-08-28 10:59:44.900: [INFO] LastUsedProfileDir: C:\Users\bidea\source\repos\gay.lol\gay.lol\bin\x64\Debug\net8.0-windows\gay.lol.exe.WebView2\EBWebView\Default
2026-08-28 10:59:44.900: [INFO] MostRecentlyActiveProfile: name=Profile 1 path=C:\Users\bidea\source\repos\gay.lol\gay.lol\bin\x64\Debug\net8.0-windows\gay.lol.exe.WebView2\EBWebView\Default lastActive=2026-08-28T10:59:38.288Z
2026-08-28 10:59:44.900: [INFO] OnDoneLoading sync enabled: 0
2026-08-28 10:59:44.900: [INFO] BookmarkModelLoaded, ids_reassigned: 0
2026-08-28 10:59:44.900: [INFO] BookmarksLoadDropped droppedNodes=0
2026-08-28 10:59:44.900: [INFO] BookmarksSnapshot Startup total=0 bar=0 other=0 mobile=0 showBar=0 showBarNTP=1
2026-08-28 11:03:01.654: [INFO] BookmarksSnapshot Shutdown total=0 bar=0 other=0 mobile=0 showBar=0 showBarNTP=1
2026-08-28 11:03:04.906: [INFO] CurrentProfilePath: C:\Users\bidea\source\repos\gay.lol\gay.lol\bin\x64\Debug\net8.0-windows\gay.lol.exe.WebView2\EBWebView\Default
2026-08-28 11:03:04.906: [INFO] Profiles total count: 1
2026-08-28 11:03:04.907: [INFO] Profile: name=Profile 1 path=C:\Users\bidea\source\repos\gay.lol\gay.lol\bin\x64\Debug\net8.0-windows\gay.lol.exe.WebView2\EBWebView\Default lastActive=2026-08-28T11:03:00.452Z
2026-08-28 11:03:04.907: [INFO] LastUsedProfileDir: C:\Users\bidea\source\repos\gay.lol\gay.lol\bin\x64\Debug\net8.0-windows\gay.lol.exe.WebView2\EBWebView\Default
2026-08-28 11:03:04.907: [INFO] MostRecentlyActiveProfile: name=Profile 1 path=C:\Users\bidea\source\repos\gay.lol\gay.lol\bin\x64\Debug\net8.0-windows\gay.lol.exe.WebView2\EBWebView\Default lastActive=2026-08-28T11:03:00.452Z
2026-08-28 11:03:04.907: [INFO] OnDoneLoading sync enabled: 0
2026-08-28 11:03:04.907: [INFO] BookmarkModelLoaded, ids_reassigned: 0
2026-08-28 11:03:04.907: [INFO] BookmarksLoadDropped droppedNodes=0
2026-08-28 11:03:04.907: [INFO] BookmarksSnapshot Startup total=0 bar=0 other=0 mobile=0 showBar=0 showBarNTP=1
2026-08-28 11:03:58.523: [INFO] BookmarksSnapshot Shutdown total=0 bar=0 other=0 mobile=0 showBar=0 showBarNTP=1
2026-08-28 11:16:11.337: [INFO] CurrentProfilePath: C:\Users\bidea\source\repos\gay.lol\gay.lol\bin\x64\Debug\net8.0-windows\gay.lol.exe.WebView2\EBWebView\Default
2026-08-28 11:16:11.337: [INFO] Profiles total count: 1
2026-08-28 11:16:11.337: [INFO] Profile: name=Profile 1 path=C:\Users\bidea\source\repos\gay.lol\gay.lol\bin\x64\Debug\net8.0-windows\gay.lol.exe.WebView2\EBWebView\Default lastActive=2026-08-28T11:03:27.756Z
2026-08-28 11:16:11.337: [INFO] LastUsedProfileDir: C:\Users\bidea\source\repos\gay.lol\gay.lol\bin\x64\Debug\net8.0-windows\gay.lol.exe.WebView2\EBWebView\Default
2026-08-28 11:16:11.337: [INFO] MostRecentlyActiveProfile: name=Profile 1 path=C:\Users\bidea\source\repos\gay.lol\gay.lol\bin\x64\Debug\net8.0-windows\gay.lol.exe.WebView2\EBWebView\Default lastActive=2026-08-28T11:03:27.756Z
2026-08-28 11:16:11.337: [INFO] OnDoneLoading sync enabled: 0
2026-08-28 11:16:11.337: [INFO] BookmarkModelLoaded, ids_reassigned: 0
2026-08-28 11:16:11.337: [INFO] BookmarksLoadDropped droppedNodes=0
2026-08-28 11:16:11.337: [INFO] BookmarksSnapshot Startup total=0 bar=0 other=0 mobile=0 showBar=0 showBarNTP=1
2026-08-28 11:16:43.284: [INFO] BookmarksSnapshot Shutdown total=0 bar=0 other=0 mobile=0 showBar=0 showBarNTP=1
2026-08-28 11:20:15.020: [INFO] CurrentProfilePath: C:\Users\bidea\source\repos\gay.lol\gay.lol\bin\x64\Debug\net8.0-windows\gay.lol.exe.WebView2\EBWebView\Default
2026-08-28 11:20:15.020: [INFO] Profiles total count: 1
2026-08-28 11:20:15.020: [INFO] Profile: name=Profile 1 path=C:\Users\bidea\source\repos\gay.lol\gay.lol\bin\x64\Debug\net8.0-windows\gay.lol.exe.WebView2\EBWebView\Default lastActive=2026-08-28T11:16:11.418Z
2026-08-28 11:20:15.020: [INFO] LastUsedProfileDir: C:\Users\bidea\source\repos\gay.lol\gay.lol\bin\x64\Debug\net8.0-windows\gay.lol.exe.WebView2\EBWebView\Default
2026-08-28 11:20:15.020: [INFO] MostRecentlyActiveProfile: name=Profile 1 path=C:\Users\bidea\source\repos\gay.lol\gay.lol\bin\x64\Debug\net8.0-windows\gay.lol.exe.WebView2\EBWebView\Default lastActive=2026-08-28T11:16:11.418Z
2026-08-28 11:20:15.020: [INFO] OnDoneLoading sync enabled: 0
2026-08-28 11:20:15.020: [INFO] BookmarkModelLoaded, ids_reassigned: 0
2026-08-28 11:20:15.020: [INFO] BookmarksLoadDropped droppedNodes=0
2026-08-28 11:20:15.020: [INFO] BookmarksSnapshot Startup total=0 bar=0 other=0 mobile=0 showBar=0 showBarNTP=1
2026-08-28 11:20:33.432: [INFO] BookmarksSnapshot Shutdown total=0 bar=0 other=0 mobile=0 showBar=0 showBarNTP=1
2026-08-28 11:22:28.003: [INFO] CurrentProfilePath: C:\Users\bidea\source\repos\gay.lol\gay.lol\bin\x64\Debug\net8.0-windows\gay.lol.exe.WebView2\EBWebView\Default
2026-08-28 11:22:28.003: [INFO] Profiles total count: 1
2026-08-28 11:22:28.003: [INFO] Profile: name=Profile 1 path=C:\Users\bidea\source\repos\gay.lol\gay.lol\bin\x64\Debug\net8.0-windows\gay.lol.exe.WebView2\EBWebView\Default lastActive=2026-08-28T11:20:15.114Z
2026-08-28 11:22:28.003: [INFO] LastUsedProfileDir: C:\Users\bidea\source\repos\gay.lol\gay.lol\bin\x64\Debug\net8.0-windows\gay.lol.exe.WebView2\EBWebView\Default
2026-08-28 11:22:28.003: [INFO] MostRecentlyActiveProfile: name=Profile 1 path=C:\Users\bidea\source\repos\gay.lol\gay.lol\bin\x64\Debug\net8.0-windows\gay.lol.exe.WebView2\EBWebView\Default lastActive=2026-08-28T11:20:15.114Z
2026-08-28 11:22:28.003: [INFO] OnDoneLoading sync enabled: 0
2026-08-28 11:22:28.003: [INFO] BookmarkModelLoaded, ids_reassigned: 0
2026-08-28 11:22:28.003: [INFO] BookmarksLoadDropped droppedNodes=0
2026-08-28 11:22:28.003: [INFO] BookmarksSnapshot Startup total=0 bar=0 other=0 mobile=0 showBar=0 showBarNTP=1
2026-08-28 11:22:41.182: [INFO] BookmarksSnapshot Shutdown total=0 bar=0 other=0 mobile=0 showBar=0 showBarNTP=1
2026-08-28 11:23:26.405: [INFO] CurrentProfilePath: C:\Users\bidea\source\repos\gay.lol\gay.lol\bin\x64\Debug\net8.0-windows\gay.lol.exe.WebView2\EBWebView\Default
2026-08-28 11:23:26.405: [INFO] Profiles total count: 1
2026-08-28 11:23:26.405: [INFO] Profile: name=Profile 1 path=C:\Users\bidea\source\repos\gay.lol\gay.lol\bin\x64\Debug\net8.0-windows\gay.lol.exe.WebView2\EBWebView\Default lastActive=2026-08-28T11:22:28.111Z
2026-08-28 11:23:26.405: [INFO] LastUsedProfileDir: C:\Users\bidea\source\repos\gay.lol\gay.lol\bin\x64\Debug\net8.0-windows\gay.lol.exe.WebView2\EBWebView\Default
2026-08-28 11:23:26.405: [INFO] MostRecentlyActiveProfile: name=Profile 1 path=C:\Users\bidea\source\repos\gay.lol\gay.lol\bin\x64\Debug\net8.0-windows\gay.lol.exe.WebView2\EBWebView\Default lastActive=2026-08-28T11:22:28.111Z
2026-08-28 11:23:26.405: [INFO] OnDoneLoading sync enabled: 0
2026-08-28 11:23:26.405: [INFO] BookmarkModelLoaded, ids_reassigned: 0
2026-08-28 11:23:26.405: [INFO] BookmarksLoadDropped droppedNodes=0
2026-08-28 11:23:26.406: [INFO] BookmarksSnapshot Startup total=0 bar=0 other=0 mobile=0 showBar=0 showBarNTP=1
2026-08-28 11:23:57.283: [INFO] BookmarksSnapshot Shutdown total=0 bar=0 other=0 mobile=0 showBar=0 showBarNTP=1
2026-08-28 11:27:11.882: [INFO] CurrentProfilePath: C:\Users\bidea\source\repos\gay.lol\gay.lol\bin\x64\Debug\net8.0-windows\gay.lol.exe.WebView2\EBWebView\Default
2026-08-28 11:27:11.882: [INFO] Profiles total count: 1
2026-08-28 11:27:11.882: [INFO] Profile: name=Profile 1 path=C:\Users\bidea\source\repos\gay.lol\gay.lol\bin\x64\Debug\net8.0-windows\gay.lol.exe.WebView2\EBWebView\Default lastActive=2026-08-28T11:23:55.695Z
2026-08-28 11:27:11.882: [INFO] LastUsedProfileDir: C:\Users\bidea\source\repos\gay.lol\gay.lol\bin\x64\Debug\net8.0-windows\gay.lol.exe.WebView2\EBWebView\Default
2026-08-28 11:27:11.882: [INFO] MostRecentlyActiveProfile: name=Profile 1 path=C:\Users\bidea\source\repos\gay.lol\gay.lol\bin\x64\Debug\net8.0-windows\gay.lol.exe.WebView2\EBWebView\Default lastActive=2026-08-28T11:23:55.695Z
2026-08-28 11:27:11.882: [INFO] OnDoneLoading sync enabled: 0
2026-08-28 11:27:11.882: [INFO] BookmarkModelLoaded, ids_reassigned: 0
2026-08-28 11:27:11.882: [INFO] BookmarksLoadDropped droppedNodes=0
2026-08-28 11:27:11.882: [INFO] BookmarksSnapshot Startup total=0 bar=0 other=0 mobile=0 showBar=0 showBarNTP=1
2026-08-28 11:27:21.404: [INFO] BookmarksSnapshot Shutdown total=0 bar=0 other=0 mobile=0 showBar=0 showBarNTP=1
2026-08-28 11:27:51.402: [INFO] CurrentProfilePath: C:\Users\bidea\source\repos\gay.lol\gay.lol\bin\x64\Debug\net8.0-windows\gay.lol.exe.WebView2\EBWebView\Default
2026-08-28 11:27:51.402: [INFO] Profiles total count: 1
2026-08-28 11:27:51.402: [INFO] Profile: name=Profile 1 path=C:\Users\bidea\source\repos\gay.lol\gay.lol\bin\x64\Debug\net8.0-windows\gay.lol.exe.WebView2\EBWebView\Default lastActive=2026-08-28T11:27:11.980Z
2026-08-28 11:27:51.402: [INFO] LastUsedProfileDir: C:\Users\bidea\source\repos\gay.lol\gay.lol\bin\x64\Debug\net8.0-windows\gay.lol.exe.WebView2\EBWebView\Default
2026-08-28 11:27:51.403: [INFO] MostRecentlyActiveProfile: name=Profile 1 path=C:\Users\bidea\source\repos\gay.lol\gay.lol\bin\x64\Debug\net8.0-windows\gay.lol.exe.WebView2\EBWebView\Default lastActive=2026-08-28T11:27:11.980Z
2026-08-28 11:27:51.403: [INFO] OnDoneLoading sync enabled: 0
2026-08-28 11:27:51.403: [INFO] BookmarkModelLoaded, ids_reassigned: 0
2026-08-28 11:27:51.403: [INFO] BookmarksLoadDropped droppedNodes=0
2026-08-28 11:27:51.403: [INFO] BookmarksSnapshot Startup total=0 bar=0 other=0 mobile=0 showBar=0 showBarNTP=1
2026-08-28 11:31:41.881: [INFO] BookmarksSnapshot Shutdown total=0 bar=0 other=0 mobile=0 showBar=0 showBarNTP=1
2026-08-28 11:50:14.568: [INFO] CurrentProfilePath: C:\Users\bidea\source\repos\gay.lol\gay.lol\bin\x64\Debug\net8.0-windows\gay.lol.exe.WebView2\EBWebView\Default
2026-08-28 11:50:14.568: [INFO] Profiles total count: 1
2026-08-28 11:50:14.568: [INFO] Profile: name=Profile 1 path=C:\Users\bidea\source\repos\gay.lol\gay.lol\bin\x64\Debug\net8.0-windows\gay.lol.exe.WebView2\EBWebView\Default lastActive=2026-08-28T11:31:04.175Z
2026-08-28 11:50:14.568: [INFO] LastUsedProfileDir: C:\Users\bidea\source\repos\gay.lol\gay.lol\bin\x64\Debug\net8.0-windows\gay.lol.exe.WebView2\EBWebView\Default
2026-08-28 11:50:14.568: [INFO] MostRecentlyActiveProfile: name=Profile 1 path=C:\Users\bidea\source\repos\gay.lol\gay.lol\bin\x64\Debug\net8.0-windows\gay.lol.exe.WebView2\EBWebView\Default lastActive=2026-08-28T11:31:04.175Z
2026-08-28 11:50:14.568: [INFO] OnDoneLoading sync enabled: 0
2026-08-28 11:50:14.568: [INFO] BookmarkModelLoaded, ids_reassigned: 0
2026-08-28 11:50:14.568: [INFO] BookmarksLoadDropped droppedNodes=0
2026-08-28 11:50:14.568: [INFO] BookmarksSnapshot Startup total=0 bar=0 other=0 mobile=0 showBar=0 showBarNTP=1
2026-08-28 11:56:57.588: [INFO] BookmarksSnapshot Shutdown total=0 bar=0 other=0 mobile=0 showBar=0 showBarNTP=1
2026-08-28 12:00:00.150: [INFO] CurrentProfilePath: C:\Users\bidea\source\repos\gay.lol\gay.lol\bin\x64\Debug\net8.0-windows\gay.lol.exe.WebView2\EBWebView\Default
2026-08-28 12:00:00.150: [INFO] Profiles total count: 1
2026-08-28 12:00:00.150: [INFO] Profile: name=Profile 1 path=C:\Users\bidea\source\repos\gay.lol\gay.lol\bin\x64\Debug\net8.0-windows\gay.lol.exe.WebView2\EBWebView\Default lastActive=2026-08-28T11:55:51.307Z
2026-08-28 12:00:00.150: [INFO] LastUsedProfileDir: C:\Users\bidea\source\repos\gay.lol\gay.lol\bin\x64\Debug\net8.0-windows\gay.lol.exe.WebView2\EBWebView\Default
2026-08-28 12:00:00.150: [INFO] MostRecentlyActiveProfile: name=Profile 1 path=C:\Users\bidea\source\repos\gay.lol\gay.lol\bin\x64\Debug\net8.0-windows\gay.lol.exe.WebView2\EBWebView\Default lastActive=2026-08-28T11:55:51.307Z
2026-08-28 12:00:00.150: [INFO] OnDoneLoading sync enabled: 0
2026-08-28 12:00:00.150: [INFO] BookmarkModelLoaded, ids_reassigned: 0
2026-08-28 12:00:00.150: [INFO] BookmarksLoadDropped droppedNodes=0
2026-08-28 12:00:00.150: [INFO] BookmarksSnapshot Startup total=0 bar=0 other=0 mobile=0 showBar=0 showBarNTP=1
2026-08-28 12:00:31.750: [INFO] BookmarksSnapshot Shutdown total=0 bar=0 other=0 mobile=0 showBar=0 showBarNTP=1
2026-08-28 12:08:49.172: [INFO] CurrentProfilePath: C:\Users\bidea\source\repos\gay.lol\gay.lol\bin\x64\Debug\net8.0-windows\gay.lol.exe.WebView2\EBWebView\Default
2026-08-28 12:08:49.172: [INFO] Profiles total count: 1
2026-08-28 12:08:49.172: [INFO] Profile: name=Profile 1 path=C:\Users\bidea\source\repos\gay.lol\gay.lol\bin\x64\Debug\net8.0-windows\gay.lol.exe.WebView2\EBWebView\Default lastActive=2026-08-28T12:00:13.414Z
2026-08-28 12:08:49.172: [INFO] LastUsedProfileDir: C:\Users\bidea\source\repos\gay.lol\gay.lol\bin\x64\Debug\net8.0-windows\gay.lol.exe.WebView2\EBWebView\Default
2026-08-28 12:08:49.172: [INFO] MostRecentlyActiveProfile: name=Profile 1 path=C:\Users\bidea\source\repos\gay.lol\gay.lol\bin\x64\Debug\net8.0-windows\gay.lol.exe.WebView2\EBWebView\Default lastActive=2026-08-28T12:00:13.414Z
2026-08-28 12:08:49.172: [INFO] OnDoneLoading sync enabled: 0
2026-08-28 12:08:49.172: [INFO] BookmarkModelLoaded, ids_reassigned: 0
2026-08-28 12:08:49.172: [INFO] BookmarksLoadDropped droppedNodes=0
2026-08-28 12:08:49.172: [INFO] BookmarksSnapshot Startup total=0 bar=0 other=0 mobile=0 showBar=0 showBarNTP=1
2026-08-28 12:10:58.143: [INFO] BookmarksSnapshot Shutdown total=0 bar=0 other=0 mobile=0 showBar=0 showBarNTP=1
2026-08-28 12:11:57.589: [INFO] CurrentProfilePath: C:\Users\bidea\source\repos\gay.lol\gay.lol\bin\x64\Debug\net8.0-windows\gay.lol.exe.WebView2\EBWebView\Default
2026-08-28 12:11:57.589: [INFO] Profiles total count: 1
2026-08-28 12:11:57.589: [INFO] Profile: name=Profile 1 path=C:\Users\bidea\source\repos\gay.lol\gay.lol\bin\x64\Debug\net8.0-windows\gay.lol.exe.WebView2\EBWebView\Default lastActive=2026-08-28T12:10:58.024Z
2026-08-28 12:11:57.589: [INFO] LastUsedProfileDir: C:\Users\bidea\source\repos\gay.lol\gay.lol\bin\x64\Debug\net8.0-windows\gay.lol.exe.WebView2\EBWebView\Default
2026-08-28 12:11:57.589: [INFO] MostRecentlyActiveProfile: name=Profile 1 path=C:\Users\bidea\source\repos\gay.lol\gay.lol\bin\x64\Debug\net8.0-windows\gay.lol.exe.WebView2\EBWebView\Default lastActive=2026-08-28T12:10:58.024Z
2026-08-28 12:11:57.589: [INFO] OnDoneLoading sync enabled: 0
2026-08-28 12:11:57.589: [INFO] BookmarkModelLoaded, ids_reassigned: 0
2026-08-28 12:11:57.589: [INFO] BookmarksLoadDropped droppedNodes=0
2026-08-28 12:11:57.589: [INFO] BookmarksSnapshot Startup total=0 bar=0 other=0 mobile=0 showBar=0 showBarNTP=1
2026-08-28 12:16:21.722: [INFO] BookmarksSnapshot Shutdown total=0 bar=0 other=0 mobile=0 showBar=0 showBarNTP=1
2026-08-28 12:17:31.239: [INFO] CurrentProfilePath: C:\Users\bidea\source\repos\gay.lol\gay.lol\bin\x64\Debug\net8.0-windows\gay.lol.exe.WebView2\EBWebView\Default
2026-08-28 12:17:31.239: [INFO] Profiles total count: 1
2026-08-28 12:17:31.239: [INFO] Profile: name=Profile 1 path=C:\Users\bidea\source\repos\gay.lol\gay.lol\bin\x64\Debug\net8.0-windows\gay.lol.exe.WebView2\EBWebView\Default lastActive=2026-08-28T12:12:44.812Z
2026-08-28 12:17:31.239: [INFO] LastUsedProfileDir: C:\Users\bidea\source\repos\gay.lol\gay.lol\bin\x64\Debug\net8.0-windows\gay.lol.exe.WebView2\EBWebView\Default
2026-08-28 12:17:31.239: [INFO] MostRecentlyActiveProfile: name=Profile 1 path=C:\Users\bidea\source\repos\gay.lol\gay.lol\bin\x64\Debug\net8.0-windows\gay.lol.exe.WebView2\EBWebView\Default lastActive=2026-08-28T12:12:44.812Z
2026-08-28 12:17:31.239: [INFO] OnDoneLoading sync enabled: 0
2026-08-28 12:17:31.239: [INFO] BookmarkModelLoaded, ids_reassigned: 0
2026-08-28 12:17:31.239: [INFO] BookmarksLoadDropped droppedNodes=0
2026-08-28 12:17:31.239: [INFO] BookmarksSnapshot Startup total=0 bar=0 other=0 mobile=0 showBar=0 showBarNTP=1
2026-08-28 12:17:56.583: [INFO] BookmarksSnapshot Shutdown total=0 bar=0 other=0 mobile=0 showBar=0 showBarNTP=1
2026-08-28 12:20:05.763: [INFO] CurrentProfilePath: C:\Users\bidea\source\repos\gay.lol\gay.lol\bin\x64\Debug\net8.0-windows\gay.lol.exe.WebView2\EBWebView\Default
2026-08-28 12:20:05.763: [INFO] Profiles total count: 1
2026-08-28 12:20:05.764: [INFO] Profile: name=Profile 1 path=C:\Users\bidea\source\repos\gay.lol\gay.lol\bin\x64\Debug\net8.0-windows\gay.lol.exe.WebView2\EBWebView\Default lastActive=2026-08-28T12:17:31.352Z
2026-08-28 12:20:05.764: [INFO] LastUsedProfileDir: C:\Users\bidea\source\repos\gay.lol\gay.lol\bin\x64\Debug\net8.0-windows\gay.lol.exe.WebView2\EBWebView\Default
2026-08-28 12:20:05.764: [INFO] MostRecentlyActiveProfile: name=Profile 1 path=C:\Users\bidea\source\repos\gay.lol\gay.lol\bin\x64\Debug\net8.0-windows\gay.lol.exe.WebView2\EBWebView\Default lastActive=2026-08-28T12:17:31.352Z
2026-08-28 12:20:05.764: [INFO] OnDoneLoading sync enabled: 0
2026-08-28 12:20:05.764: [INFO] BookmarkModelLoaded, ids_reassigned: 0
2026-08-28 12:20:05.764: [INFO] BookmarksLoadDropped droppedNodes=0
2026-08-28 12:20:05.764: [INFO] BookmarksSnapshot Startup total=0 bar=0 other=0 mobile=0 showBar=0 showBarNTP=1
2026-08-28 12:21:25.193: [INFO] BookmarksSnapshot Shutdown total=0 bar=0 other=0 mobile=0 showBar=0 showBarNTP=1
2026-08-28 12:23:25.265: [INFO] CurrentProfilePath: C:\Users\bidea\source\repos\gay.lol\gay.lol\bin\x64\Debug\net8.0-windows\gay.lol.exe.WebView2\EBWebView\Default
2026-08-28 12:23:25.265: [INFO] Profiles total count: 1
2026-08-28 12:23:25.265: [INFO] Profile: name=Profile 1 path=C:\Users\bidea\source\repos\gay.lol\gay.lol\bin\x64\Debug\net8.0-windows\gay.lol.exe.WebView2\EBWebView\Default lastActive=2026-08-28T12:21:23.486Z
2026-08-28 12:23:25.265: [INFO] LastUsedProfileDir: C:\Users\bidea\source\repos\gay.lol\gay.lol\bin\x64\Debug\net8.0-windows\gay.lol.exe.WebView2\EBWebView\Default
2026-08-28 12:23:25.266: [INFO] MostRecentlyActiveProfile: name=Profile 1 path=C:\Users\bidea\source\repos\gay.lol\gay.lol\bin\x64\Debug\net8.0-windows\gay.lol.exe.WebView2\EBWebView\Default lastActive=2026-08-28T12:21:23.486Z
2026-08-28 12:23:25.266: [INFO] OnDoneLoading sync enabled: 0
2026-08-28 12:23:25.266: [INFO] BookmarkModelLoaded, ids_reassigned: 0
2026-08-28 12:23:25.266: [INFO] BookmarksLoadDropped droppedNodes=0
2026-08-28 12:23:25.266: [INFO] BookmarksSnapshot Startup total=0 bar=0 other=0 mobile=0 showBar=0 showBarNTP=1
2026-08-28 12:23:33.325: [INFO] BookmarksSnapshot Shutdown total=0 bar=0 other=0 mobile=0 showBar=0 showBarNTP=1
2026-08-28 12:29:52.506: [INFO] CurrentProfilePath: C:\Users\bidea\source\repos\gay.lol\gay.lol\bin\x64\Debug\net8.0-windows\gay.lol.exe.WebView2\EBWebView\Default
2026-08-28 12:29:52.506: [INFO] Profiles total count: 1
2026-08-28 12:29:52.507: [INFO] Profile: name=Profile 1 path=C:\Users\bidea\source\repos\gay.lol\gay.lol\bin\x64\Debug\net8.0-windows\gay.lol.exe.WebView2\EBWebView\Default lastActive=2026-08-28T12:23:25.348Z
2026-08-28 12:29:52.507: [INFO] LastUsedProfileDir: C:\Users\bidea\source\repos\gay.lol\gay.lol\bin\x64\Debug\net8.0-windows\gay.lol.exe.WebView2\EBWebView\Default
2026-08-28 12:29:52.507: [INFO] MostRecentlyActiveProfile: name=Profile 1 path=C:\Users\bidea\source\repos\gay.lol\gay.lol\bin\x64\Debug\net8.0-windows\gay.lol.exe.WebView2\EBWebView\Default lastActive=2026-08-28T12:23:25.348Z
2026-08-28 12:29:52.507: [INFO] OnDoneLoading sync enabled: 0
2026-08-28 12:29:52.507: [INFO] BookmarkModelLoaded, ids_reassigned: 0
2026-08-28 12:29:52.507: [INFO] BookmarksLoadDropped droppedNodes=0
2026-08-28 12:29:52.507: [INFO] BookmarksSnapshot Startup total=0 bar=0 other=0 mobile=0 showBar=0 showBarNTP=1
2026-08-28 12:30:07.074: [INFO] BookmarksSnapshot Shutdown total=0 bar=0 other=0 mobile=0 showBar=0 showBarNTP=1
2026-08-28 12:31:35.527: [INFO] CurrentProfilePath: C:\Users\bidea\source\repos\gay.lol\gay.lol\bin\x64\Debug\net8.0-windows\gay.lol.exe.WebView2\EBWebView\Default
2026-08-28 12:31:35.527: [INFO] Profiles total count: 1
2026-08-28 12:31:35.527: [INFO] Profile: name=Profile 1 path=C:\Users\bidea\source\repos\gay.lol\gay.lol\bin\x64\Debug\net8.0-windows\gay.lol.exe.WebView2\EBWebView\Default lastActive=2026-08-28T12:29:52.588Z
2026-08-28 12:31:35.527: [INFO] LastUsedProfileDir: C:\Users\bidea\source\repos\gay.lol\gay.lol\bin\x64\Debug\net8.0-windows\gay.lol.exe.WebView2\EBWebView\Default
2026-08-28 12:31:35.527: [INFO] MostRecentlyActiveProfile: name=Profile 1 path=C:\Users\bidea\source\repos\gay.lol\gay.lol\bin\x64\Debug\net8.0-windows\gay.lol.exe.WebView2\EBWebView\Default lastActive=2026-08-28T12:29:52.588Z
2026-08-28 12:31:35.527: [INFO] OnDoneLoading sync enabled: 0
2026-08-28 12:31:35.527: [INFO] BookmarkModelLoaded, ids_reassigned: 0
2026-08-28 12:31:35.527: [INFO] BookmarksLoadDropped droppedNodes=0
2026-08-28 12:31:35.527: [INFO] BookmarksSnapshot Startup total=0 bar=0 other=0 mobile=0 showBar=0 showBarNTP=1
2026-08-28 12:31:58.846: [INFO] BookmarksSnapshot Shutdown total=0 bar=0 other=0 mobile=0 showBar=0 showBarNTP=1
2026-08-28 12:33:23.797: [INFO] CurrentProfilePath: C:\Users\bidea\source\repos\gay.lol\gay.lol\bin\x64\Debug\net8.0-windows\gay.lol.exe.WebView2\EBWebView\Default
2026-08-28 12:33:23.797: [INFO] Profiles total count: 1
2026-08-28 12:33:23.797: [INFO] Profile: name=Profile 1 path=C:\Users\bidea\source\repos\gay.lol\gay.lol\bin\x64\Debug\net8.0-windows\gay.lol.exe.WebView2\EBWebView\Default lastActive=2026-08-28T12:31:56.742Z
2026-08-28 12:33:23.797: [INFO] LastUsedProfileDir: C:\Users\bidea\source\repos\gay.lol\gay.lol\bin\x64\Debug\net8.0-windows\gay.lol.exe.WebView2\EBWebView\Default
2026-08-28 12:33:23.797: [INFO] MostRecentlyActiveProfile: name=Profile 1 path=C:\Users\bidea\source\repos\gay.lol\gay.lol\bin\x64\Debug\net8.0-windows\gay.lol.exe.WebView2\EBWebView\Default lastActive=2026-08-28T12:31:56.742Z
2026-08-28 12:33:23.797: [INFO] OnDoneLoading sync enabled: 0
2026-08-28 12:33:23.797: [INFO] BookmarkModelLoaded, ids_reassigned: 0
2026-08-28 12:33:23.797: [INFO] BookmarksLoadDropped droppedNodes=0
2026-08-28 12:33:23.797: [INFO] BookmarksSnapshot Startup total=0 bar=0 other=0 mobile=0 showBar=0 showBarNTP=1
2026-08-28 12:33:52.911: [INFO] BookmarksSnapshot Shutdown total=0 bar=0 other=0 mobile=0 showBar=0 showBarNTP=1
2026-08-28 12:34:53.072: [INFO] CurrentProfilePath: C:\Users\bidea\source\repos\gay.lol\gay.lol\bin\x64\Debug\net8.0-windows\gay.lol.exe.WebView2\EBWebView\Default
2026-08-28 12:34:53.072: [INFO] Profiles total count: 1
2026-08-28 12:34:53.072: [INFO] Profile: name=Profile 1 path=C:\Users\bidea\source\repos\gay.lol\gay.lol\bin\x64\Debug\net8.0-windows\gay.lol.exe.WebView2\EBWebView\Default lastActive=2026-08-28T12:33:23.877Z
2026-08-28 12:34:53.072: [INFO] LastUsedProfileDir: C:\Users\bidea\source\repos\gay.lol\gay.lol\bin\x64\Debug\net8.0-windows\gay.lol.exe.WebView2\EBWebView\Default
2026-08-28 12:34:53.072: [INFO] MostRecentlyActiveProfile: name=Profile 1 path=C:\Users\bidea\source\repos\gay.lol\gay.lol\bin\x64\Debug\net8.0-windows\gay.lol.exe.WebView2\EBWebView\Default lastActive=2026-08-28T12:33:23.877Z
2026-08-28 12:34:53.072: [INFO] OnDoneLoading sync enabled: 0
2026-08-28 12:34:53.072: [INFO] BookmarkModelLoaded, ids_reassigned: 0
2026-08-28 12:34:53.072: [INFO] BookmarksLoadDropped droppedNodes=0
2026-08-28 12:34:53.072: [INFO] BookmarksSnapshot Startup total=0 bar=0 other=0 mobile=0 showBar=0 showBarNTP=1
2026-08-28 12:35:04.417: [INFO] BookmarksSnapshot Shutdown total=0 bar=0 other=0 mobile=0 showBar=0 showBarNTP=1
2026-08-28 12:41:00.767: [INFO] CurrentProfilePath: C:\Users\bidea\source\repos\gay.lol\gay.lol\bin\x64\Debug\net8.0-windows\gay.lol.exe.WebView2\EBWebView\Default
2026-08-28 12:41:00.767: [INFO] Profiles total count: 1
2026-08-28 12:41:00.767: [INFO] Profile: name=Profile 1 path=C:\Users\bidea\source\repos\gay.lol\gay.lol\bin\x64\Debug\net8.0-windows\gay.lol.exe.WebView2\EBWebView\Default lastActive=2026-08-28T12:34:58.702Z
2026-08-28 12:41:00.767: [INFO] LastUsedProfileDir: C:\Users\bidea\source\repos\gay.lol\gay.lol\bin\x64\Debug\net8.0-windows\gay.lol.exe.WebView2\EBWebView\Default
2026-08-28 12:41:00.767: [INFO] MostRecentlyActiveProfile: name=Profile 1 path=C:\Users\bidea\source\repos\gay.lol\gay.lol\bin\x64\Debug\net8.0-windows\gay.lol.exe.WebView2\EBWebView\Default lastActive=2026-08-28T12:34:58.702Z
2026-08-28 12:41:00.767: [INFO] OnDoneLoading sync enabled: 0
2026-08-28 12:41:00.767: [INFO] BookmarkModelLoaded, ids_reassigned: 0
2026-08-28 12:41:00.767: [INFO] BookmarksLoadDropped droppedNodes=0
2026-08-28 12:41:00.767: [INFO] BookmarksSnapshot Startup total=0 bar=0 other=0 mobile=0 showBar=0 showBarNTP=1
2026-08-28 12:41:11.167: [INFO] BookmarksSnapshot Shutdown total=0 bar=0 other=0 mobile=0 showBar=0 showBarNTP=1
2026-08-28 12:42:42.582: [INFO] CurrentProfilePath: C:\Users\bidea\source\repos\gay.lol\gay.lol\bin\x64\Debug\net8.0-windows\gay.lol.exe.WebView2\EBWebView\Default
2026-08-28 12:42:42.582: [INFO] Profiles total count: 1
2026-08-28 12:42:42.582: [INFO] Profile: name=Profile 1 path=C:\Users\bidea\source\repos\gay.lol\gay.lol\bin\x64\Debug\net8.0-windows\gay.lol.exe.WebView2\EBWebView\Default lastActive=2026-08-28T12:41:00.843Z
2026-08-28 12:42:42.582: [INFO] LastUsedProfileDir: C:\Users\bidea\source\repos\gay.lol\gay.lol\bin\x64\Debug\net8.0-windows\gay.lol.exe.WebView2\EBWebView\Default
2026-08-28 12:42:42.582: [INFO] MostRecentlyActiveProfile: name=Profile 1 path=C:\Users\bidea\source\repos\gay.lol\gay.lol\bin\x64\Debug\net8.0-windows\gay.lol.exe.WebView2\EBWebView\Default lastActive=2026-08-28T12:41:00.843Z
2026-08-28 12:42:42.582: [INFO] OnDoneLoading sync enabled: 0
2026-08-28 12:42:42.582: [INFO] BookmarkModelLoaded, ids_reassigned: 0
2026-08-28 12:42:42.582: [INFO] BookmarksLoadDropped droppedNodes=0
2026-08-28 12:42:42.582: [INFO] BookmarksSnapshot Startup total=0 bar=0 other=0 mobile=0 showBar=0 showBarNTP=1
2026-08-28 12:50:37.944: [INFO] BookmarksSnapshot Shutdown total=0 bar=0 other=0 mobile=0 showBar=0 showBarNTP=1
2026-08-28 12:53:45.009: [INFO] CurrentProfilePath: C:\Users\bidea\source\repos\gay.lol\gay.lol\bin\x64\Debug\net8.0-windows\gay.lol.exe.WebView2\EBWebView\Default
2026-08-28 12:53:45.009: [INFO] Profiles total count: 1
2026-08-28 12:53:45.009: [INFO] Profile: name=Profile 1 path=C:\Users\bidea\source\repos\gay.lol\gay.lol\bin\x64\Debug\net8.0-windows\gay.lol.exe.WebView2\EBWebView\Default lastActive=2026-08-28T12:50:34.677Z
2026-08-28 12:53:45.009: [INFO] LastUsedProfileDir: C:\Users\bidea\source\repos\gay.lol\gay.lol\bin\x64\Debug\net8.0-windows\gay.lol.exe.WebView2\EBWebView\Default
2026-08-28 12:53:45.009: [INFO] MostRecentlyActiveProfile: name=Profile 1 path=C:\Users\bidea\source\repos\gay.lol\gay.lol\bin\x64\Debug\net8.0-windows\gay.lol.exe.WebView2\EBWebView\Default lastActive=2026-08-28T12:50:34.677Z
2026-08-28 12:53:45.009: [INFO] OnDoneLoading sync enabled: 0
2026-08-28 12:53:45.009: [INFO] BookmarkModelLoaded, ids_reassigned: 0
2026-08-28 12:53:45.009: [INFO] BookmarksLoadDropped droppedNodes=0
2026-08-28 12:53:45.009: [INFO] BookmarksSnapshot Startup total=0 bar=0 other=0 mobile=0 showBar=0 showBarNTP=1
2026-08-28 12:57:37.330: [INFO] BookmarksSnapshot Shutdown total=0 bar=0 other=0 mobile=0 showBar=0 showBarNTP=1
2026-08-28 12:57:43.370: [INFO] CurrentProfilePath: C:\Users\bidea\source\repos\gay.lol\gay.lol\bin\x64\Debug\net8.0-windows\gay.lol.exe.WebView2\EBWebView\Default
2026-08-28 12:57:43.370: [INFO] Profiles total count: 1
2026-08-28 12:57:43.370: [INFO] Profile: name=Profile 1 path=C:\Users\bidea\source\repos\gay.lol\gay.lol\bin\x64\Debug\net8.0-windows\gay.lol.exe.WebView2\EBWebView\Default lastActive=2026-08-28T12:57:35.849Z
2026-08-28 12:57:43.370: [INFO] LastUsedProfileDir: C:\Users\bidea\source\repos\gay.lol\gay.lol\bin\x64\Debug\net8.0-windows\gay.lol.exe.WebView2\EBWebView\Default
2026-08-28 12:57:43.370: [INFO] MostRecentlyActiveProfile: name=Profile 1 path=C:\Users\bidea\source\repos\gay.lol\gay.lol\bin\x64\Debug\net8.0-windows\gay.lol.exe.WebView2\EBWebView\Default lastActive=2026-08-28T12:57:35.849Z
2026-08-28 12:57:43.370: [INFO] OnDoneLoading sync enabled: 0
2026-08-28 12:57:43.370: [INFO] BookmarkModelLoaded, ids_reassigned: 0
2026-08-28 12:57:43.370: [INFO] BookmarksLoadDropped droppedNodes=0
2026-08-28 12:57:43.370: [INFO] BookmarksSnapshot Startup total=0 bar=0 other=0 mobile=0 showBar=0 showBarNTP=1
2026-08-28 12:59:04.420: [INFO] BookmarksSnapshot Shutdown total=0 bar=0 other=0 mobile=0 showBar=0 showBarNTP=1
2026-08-28 12:59:29.465: [INFO] CurrentProfilePath: C:\Users\bidea\source\repos\gay.lol\gay.lol\bin\x64\Debug\net8.0-windows\gay.lol.exe.WebView2\EBWebView\Default
2026-08-28 12:59:29.465: [INFO] Profiles total count: 1
2026-08-28 12:59:29.465: [INFO] Profile: name=Profile 1 path=C:\Users\bidea\source\repos\gay.lol\gay.lol\bin\x64\Debug\net8.0-windows\gay.lol.exe.WebView2\EBWebView\Default lastActive=2026-08-28T12:59:03.338Z
2026-08-28 12:59:29.465: [INFO] LastUsedProfileDir: C:\Users\bidea\source\repos\gay.lol\gay.lol\bin\x64\Debug\net8.0-windows\gay.lol.exe.WebView2\EBWebView\Default
2026-08-28 12:59:29.466: [INFO] MostRecentlyActiveProfile: name=Profile 1 path=C:\Users\bidea\source\repos\gay.lol\gay.lol\bin\x64\Debug\net8.0-windows\gay.lol.exe.WebView2\EBWebView\Default lastActive=2026-08-28T12:59:03.338Z
2026-08-28 12:59:29.466: [INFO] OnDoneLoading sync enabled: 0
2026-08-28 12:59:29.466: [INFO] BookmarkModelLoaded, ids_reassigned: 0
2026-08-28 12:59:29.466: [INFO] BookmarksLoadDropped droppedNodes=0
2026-08-28 12:59:29.466: [INFO] BookmarksSnapshot Startup total=0 bar=0 other=0 mobile=0 showBar=0 showBarNTP=1
2026-08-28 13:00:12.938: [INFO] BookmarksSnapshot Shutdown total=0 bar=0 other=0 mobile=0 showBar=0 showBarNTP=1
2026-08-28 13:00:15.556: [INFO] CurrentProfilePath: C:\Users\bidea\source\repos\gay.lol\gay.lol\bin\x64\Debug\net8.0-windows\gay.lol.exe.WebView2\EBWebView\Default
2026-08-28 13:00:15.556: [INFO] Profiles total count: 1
2026-08-28 13:00:15.556: [INFO] Profile: name=Profile 1 path=C:\Users\bidea\source\repos\gay.lol\gay.lol\bin\x64\Debug\net8.0-windows\gay.lol.exe.WebView2\EBWebView\Default lastActive=2026-08-28T13:00:11.378Z
2026-08-28 13:00:15.556: [INFO] LastUsedProfileDir: C:\Users\bidea\source\repos\gay.lol\gay.lol\bin\x64\Debug\net8.0-windows\gay.lol.exe.WebView2\EBWebView\Default
2026-08-28 13:00:15.556: [INFO] MostRecentlyActiveProfile: name=Profile 1 path=C:\Users\bidea\source\repos\gay.lol\gay.lol\bin\x64\Debug\net8.0-windows\gay.lol.exe.WebView2\EBWebView\Default lastActive=2026-08-28T13:00:11.378Z
2026-08-28 13:00:15.556: [INFO] OnDoneLoading sync enabled: 0
2026-08-28 13:00:15.556: [INFO] BookmarkModelLoaded, ids_reassigned: 0
2026-08-28 13:00:15.556: [INFO] BookmarksLoadDropped droppedNodes=0
2026-08-28 13:00:15.556: [INFO] BookmarksSnapshot Startup total=0 bar=0 other=0 mobile=0 showBar=0 showBarNTP=1
2026-08-28 13:00:19.321: [INFO] BookmarksSnapshot Shutdown total=0 bar=0 other=0 mobile=0 showBar=0 showBarNTP=1
2026-08-28 13:01:38.711: [INFO] CurrentProfilePath: C:\Users\bidea\source\repos\gay.lol\gay.lol\bin\x64\Debug\net8.0-windows\gay.lol.exe.WebView2\EBWebView\Default
2026-08-28 13:01:38.711: [INFO] Profiles total count: 1
2026-08-28 13:01:38.711: [INFO] Profile: name=Profile 1 path=C:\Users\bidea\source\repos\gay.lol\gay.lol\bin\x64\Debug\net8.0-windows\gay.lol.exe.WebView2\EBWebView\Default lastActive=2026-08-28T13:00:15.638Z
2026-08-28 13:01:38.711: [INFO] LastUsedProfileDir: C:\Users\bidea\source\repos\gay.lol\gay.lol\bin\x64\Debug\net8.0-windows\gay.lol.exe.WebView2\EBWebView\Default
2026-08-28 13:01:38.711: [INFO] MostRecentlyActiveProfile: name=Profile 1 path=C:\Users\bidea\source\repos\gay.lol\gay.lol\bin\x64\Debug\net8.0-windows\gay.lol.exe.WebView2\EBWebView\Default lastActive=2026-08-28T13:00:15.638Z
2026-08-28 13:01:38.711: [INFO] OnDoneLoading sync enabled: 0
2026-08-28 13:01:38.711: [INFO] BookmarkModelLoaded, ids_reassigned: 0
2026-08-28 13:01:38.711: [INFO] BookmarksLoadDropped droppedNodes=0
2026-08-28 13:01:38.711: [INFO] BookmarksSnapshot Startup total=0 bar=0 other=0 mobile=0 showBar=0 showBarNTP=1
2026-08-28 13:08:33.243: [INFO] BookmarksSnapshot Shutdown total=0 bar=0 other=0 mobile=0 showBar=0 showBarNTP=1
2026-08-28 13:08:36.655: [INFO] CurrentProfilePath: C:\Users\bidea\source\repos\gay.lol\gay.lol\bin\x64\Debug\net8.0-windows\gay.lol.exe.WebView2\EBWebView\Default
2026-08-28 13:08:36.655: [INFO] Profiles total count: 1
2026-08-28 13:08:36.655: [INFO] Profile: name=Profile 1 path=C:\Users\bidea\source\repos\gay.lol\gay.lol\bin\x64\Debug\net8.0-windows\gay.lol.exe.WebView2\EBWebView\Default lastActive=2026-08-28T13:08:32.248Z
2026-08-28 13:08:36.655: [INFO] LastUsedProfileDir: C:\Users\bidea\source\repos\gay.lol\gay.lol\bin\x64\Debug\net8.0-windows\gay.lol.exe.WebView2\EBWebView\Default
2026-08-28 13:08:36.655: [INFO] MostRecentlyActiveProfile: name=Profile 1 path=C:\Users\bidea\source\repos\gay.lol\gay.lol\bin\x64\Debug\net8.0-windows\gay.lol.exe.WebView2\EBWebView\Default lastActive=2026-08-28T13:08:32.248Z
2026-08-28 13:08:36.655: [INFO] OnDoneLoading sync enabled: 0
2026-08-28 13:08:36.655: [INFO] BookmarkModelLoaded, ids_reassigned: 0
2026-08-28 13:08:36.655: [INFO] BookmarksLoadDropped droppedNodes=0
2026-08-28 13:08:36.655: [INFO] BookmarksSnapshot Startup total=0 bar=0 other=0 mobile=0 showBar=0 showBarNTP=1
2026-08-28 13:09:40.247: [INFO] BookmarksSnapshot Shutdown total=0 bar=0 other=0 mobile=0 showBar=0 showBarNTP=1
2026-08-28 13:14:56.086: [INFO] CurrentProfilePath: C:\Users\bidea\source\repos\gay.lol\gay.lol\bin\x64\Debug\net8.0-windows\gay.lol.exe.WebView2\EBWebView\Default
2026-08-28 13:14:56.086: [INFO] Profiles total count: 1
2026-08-28 13:14:56.086: [INFO] Profile: name=Profile 1 path=C:\Users\bidea\source\repos\gay.lol\gay.lol\bin\x64\Debug\net8.0-windows\gay.lol.exe.WebView2\EBWebView\Default lastActive=2026-08-28T13:08:36.727Z
2026-08-28 13:14:56.086: [INFO] LastUsedProfileDir: C:\Users\bidea\source\repos\gay.lol\gay.lol\bin\x64\Debug\net8.0-windows\gay.lol.exe.WebView2\EBWebView\Default
2026-08-28 13:14:56.087: [INFO] MostRecentlyActiveProfile: name=Profile 1 path=C:\Users\bidea\source\repos\gay.lol\gay.lol\bin\x64\Debug\net8.0-windows\gay.lol.exe.WebView2\EBWebView\Default lastActive=2026-08-28T13:08:36.727Z
2026-08-28 13:14:56.087: [INFO] OnDoneLoading sync enabled: 0
2026-08-28 13:14:56.087: [INFO] BookmarkModelLoaded, ids_reassigned: 0
2026-08-28 13:14:56.087: [INFO] BookmarksLoadDropped droppedNodes=0
2026-08-28 13:14:56.087: [INFO] BookmarksSnapshot Startup total=0 bar=0 other=0 mobile=0 showBar=0 showBarNTP=1
2026-08-28 13:15:45.706: [INFO] BookmarksSnapshot Shutdown total=0 bar=0 other=0 mobile=0 showBar=0 showBarNTP=1
2026-08-28 13:17:19.980: [INFO] CurrentProfilePath: C:\Users\bidea\source\repos\gay.lol\gay.lol\bin\x64\Debug\net8.0-windows\gay.lol.exe.WebView2\EBWebView\Default
2026-08-28 13:17:19.980: [INFO] Profiles total count: 1
2026-08-28 13:17:19.980: [INFO] Profile: name=Profile 1 path=C:\Users\bidea\source\repos\gay.lol\gay.lol\bin\x64\Debug\net8.0-windows\gay.lol.exe.WebView2\EBWebView\Default lastActive=2026-08-28T13:14:56.168Z
2026-08-28 13:17:19.980: [INFO] LastUsedProfileDir: C:\Users\bidea\source\repos\gay.lol\gay.lol\bin\x64\Debug\net8.0-windows\gay.lol.exe.WebView2\EBWebView\Default
2026-08-28 13:17:19.980: [INFO] MostRecentlyActiveProfile: name=Profile 1 path=C:\Users\bidea\source\repos\gay.lol\gay.lol\bin\x64\Debug\net8.0-windows\gay.lol.exe.WebView2\EBWebView\Default lastActive=2026-08-28T13:14:56.168Z
2026-08-28 13:17:19.980: [INFO] OnDoneLoading sync enabled: 0
2026-08-28 13:17:19.980: [INFO] BookmarkModelLoaded, ids_reassigned: 0
2026-08-28 13:17:19.980: [INFO] BookmarksLoadDropped droppedNodes=0
2026-08-28 13:17:19.980: [INFO] BookmarksSnapshot Startup total=0 bar=0 other=0 mobile=0 showBar=0 showBarNTP=1
2026-08-28 13:21:31.174: [INFO] BookmarksSnapshot Shutdown total=0 bar=0 other=0 mobile=0 showBar=0 showBarNTP=1
2026-08-28 13:21:34.409: [INFO] CurrentProfilePath: C:\Users\bidea\source\repos\gay.lol\gay.lol\bin\x64\Debug\net8.0-windows\gay.lol.exe.WebView2\EBWebView\Default
2026-08-28 13:21:34.409: [INFO] Profiles total count: 1
2026-08-28 13:21:34.410: [INFO] Profile: name=Profile 1 path=C:\Users\bidea\source\repos\gay.lol\gay.lol\bin\x64\Debug\net8.0-windows\gay.lol.exe.WebView2\EBWebView\Default lastActive=2026-08-28T13:17:54.731Z
2026-08-28 13:21:34.410: [INFO] LastUsedProfileDir: C:\Users\bidea\source\repos\gay.lol\gay.lol\bin\x64\Debug\net8.0-windows\gay.lol.exe.WebView2\EBWebView\Default
2026-08-28 13:21:34.410: [INFO] MostRecentlyActiveProfile: name=Profile 1 path=C:\Users\bidea\source\repos\gay.lol\gay.lol\bin\x64\Debug\net8.0-windows\gay.lol.exe.WebView2\EBWebView\Default lastActive=2026-08-28T13:17:54.731Z
2026-08-28 13:21:34.410: [INFO] OnDoneLoading sync enabled: 0
2026-08-28 13:21:34.410: [INFO] BookmarkModelLoaded, ids_reassigned: 0
2026-08-28 13:21:34.410: [INFO] BookmarksLoadDropped droppedNodes=0
2026-08-28 13:21:34.410: [INFO] BookmarksSnapshot Startup total=0 bar=0 other=0 mobile=0 showBar=0 showBarNTP=1
2026-08-28 13:24:36.596: [INFO] BookmarksSnapshot Shutdown total=0 bar=0 other=0 mobile=0 showBar=0 showBarNTP=1
2026-08-28 13:24:40.062: [INFO] CurrentProfilePath: C:\Users\bidea\source\repos\gay.lol\gay.lol\bin\x64\Debug\net8.0-windows\gay.lol.exe.WebView2\EBWebView\Default
2026-08-28 13:24:40.062: [INFO] Profiles total count: 1
2026-08-28 13:24:40.062: [INFO] Profile: name=Profile 1 path=C:\Users\bidea\source\repos\gay.lol\gay.lol\bin\x64\Debug\net8.0-windows\gay.lol.exe.WebView2\EBWebView\Default lastActive=2026-08-28T13:22:09.839Z
2026-08-28 13:24:40.062: [INFO] LastUsedProfileDir: C:\Users\bidea\source\repos\gay.lol\gay.lol\bin\x64\Debug\net8.0-windows\gay.lol.exe.WebView2\EBWebView\Default
2026-08-28 13:24:40.062: [INFO] MostRecentlyActiveProfile: name=Profile 1 path=C:\Users\bidea\source\repos\gay.lol\gay.lol\bin\x64\Debug\net8.0-windows\gay.lol.exe.WebView2\EBWebView\Default lastActive=2026-08-28T13:22:09.839Z
2026-08-28 13:24:40.062: [INFO] OnDoneLoading sync enabled: 0
2026-08-28 13:24:40.062: [INFO] BookmarkModelLoaded, ids_reassigned: 0
2026-08-28 13:24:40.062: [INFO] BookmarksLoadDropped droppedNodes=0
2026-08-28 13:24:40.062: [INFO] BookmarksSnapshot Startup total=0 bar=0 other=0 mobile=0 showBar=0 showBarNTP=1
2026-08-28 13:26:07.854: [INFO] BookmarksSnapshot Shutdown total=0 bar=0 other=0 mobile=0 showBar=0 showBarNTP=1
2026-08-28 13:26:39.972: [INFO] CurrentProfilePath: C:\Users\bidea\source\repos\gay.lol\gay.lol\bin\x64\Debug\net8.0-windows\gay.lol.exe.WebView2\EBWebView\Default
2026-08-28 13:26:39.972: [INFO] Profiles total count: 1
2026-08-28 13:26:39.972: [INFO] Profile: name=Profile 1 path=C:\Users\bidea\source\repos\gay.lol\gay.lol\bin\x64\Debug\net8.0-windows\gay.lol.exe.WebView2\EBWebView\Default lastActive=2026-08-28T13:25:04.196Z
2026-08-28 13:26:39.972: [INFO] LastUsedProfileDir: C:\Users\bidea\source\repos\gay.lol\gay.lol\bin\x64\Debug\net8.0-windows\gay.lol.exe.WebView2\EBWebView\Default
2026-08-28 13:26:39.972: [INFO] MostRecentlyActiveProfile: name=Profile 1 path=C:\Users\bidea\source\repos\gay.lol\gay.lol\bin\x64\Debug\net8.0-windows\gay.lol.exe.WebView2\EBWebView\Default lastActive=2026-08-28T13:25:04.196Z
2026-08-28 13:26:39.972: [INFO] OnDoneLoading sync enabled: 0
2026-08-28 13:26:39.972: [INFO] BookmarkModelLoaded, ids_reassigned: 0
2026-08-28 13:26:39.973: [INFO] BookmarksLoadDropped droppedNodes=0
2026-08-28 13:26:39.973: [INFO] BookmarksSnapshot Startup total=0 bar=0 other=0 mobile=0 showBar=0 showBarNTP=1
2026-08-28 13:28:47.237: [INFO] BookmarksSnapshot Shutdown total=0 bar=0 other=0 mobile=0 showBar=0 showBarNTP=1
2026-08-28 13:28:53.528: [INFO] CurrentProfilePath: C:\Users\bidea\source\repos\gay.lol\gay.lol\bin\x64\Debug\net8.0-windows\gay.lol.exe.WebView2\EBWebView\Default
2026-08-28 13:28:53.528: [INFO] Profiles total count: 1
2026-08-28 13:28:53.528: [INFO] Profile: name=Profile 1 path=C:\Users\bidea\source\repos\gay.lol\gay.lol\bin\x64\Debug\net8.0-windows\gay.lol.exe.WebView2\EBWebView\Default lastActive=2026-08-28T13:28:45.795Z
2026-08-28 13:28:53.528: [INFO] LastUsedProfileDir: C:\Users\bidea\source\repos\gay.lol\gay.lol\bin\x64\Debug\net8.0-windows\gay.lol.exe.WebView2\EBWebView\Default
2026-08-28 13:28:53.528: [INFO] MostRecentlyActiveProfile: name=Profile 1 path=C:\Users\bidea\source\repos\gay.lol\gay.lol\bin\x64\Debug\net8.0-windows\gay.lol.exe.WebView2\EBWebView\Default lastActive=2026-08-28T13:28:45.795Z
2026-08-28 13:28:53.528: [INFO] OnDoneLoading sync enabled: 0
2026-08-28 13:28:53.528: [INFO] BookmarkModelLoaded, ids_reassigned: 0
2026-08-28 13:28:53.528: [INFO] BookmarksLoadDropped droppedNodes=0
2026-08-28 13:28:53.528: [INFO] BookmarksSnapshot Startup total=0 bar=0 other=0 mobile=0 showBar=0 showBarNTP=1
2026-08-28 13:43:06.223: [INFO] BookmarksSnapshot Shutdown total=0 bar=0 other=0 mobile=0 showBar=0 showBarNTP=1
2026-08-28 13:43:08.420: [INFO] CurrentProfilePath: C:\Users\bidea\source\repos\gay.lol\gay.lol\bin\x64\Debug\net8.0-windows\gay.lol.exe.WebView2\EBWebView\Default
2026-08-28 13:43:08.420: [INFO] Profiles total count: 1
2026-08-28 13:43:08.421: [INFO] Profile: name=Profile 1 path=C:\Users\bidea\source\repos\gay.lol\gay.lol\bin\x64\Debug\net8.0-windows\gay.lol.exe.WebView2\EBWebView\Default lastActive=2026-08-28T13:28:53.624Z
2026-08-28 13:43:08.421: [INFO] LastUsedProfileDir: C:\Users\bidea\source\repos\gay.lol\gay.lol\bin\x64\Debug\net8.0-windows\gay.lol.exe.WebView2\EBWebView\Default
2026-08-28 13:43:08.421: [INFO] MostRecentlyActiveProfile: name=Profile 1 path=C:\Users\bidea\source\repos\gay.lol\gay.lol\bin\x64\Debug\net8.0-windows\gay.lol.exe.WebView2\EBWebView\Default lastActive=2026-08-28T13:28:53.624Z
2026-08-28 13:43:08.421: [INFO] OnDoneLoading sync enabled: 0
2026-08-28 13:43:08.421: [INFO] BookmarkModelLoaded, ids_reassigned: 0
2026-08-28 13:43:08.421: [INFO] BookmarksLoadDropped droppedNodes=0
2026-08-28 13:43:08.421: [INFO] BookmarksSnapshot Startup total=0 bar=0 other=0 mobile=0 showBar=0 showBarNTP=1
2026-08-28 13:46:48.697: [INFO] BookmarksSnapshot Shutdown total=0 bar=0 other=0 mobile=0 showBar=0 showBarNTP=1
2026-08-28 13:49:48.597: [INFO] CurrentProfilePath: C:\Users\bidea\source\repos\gay.lol\gay.lol\bin\x64\Debug\net8.0-windows\gay.lol.exe.WebView2\EBWebView\Default
2026-08-28 13:49:48.597: [INFO] Profiles total count: 1
2026-08-28 13:49:48.599: [INFO] Profile: name=Profile 1 path=C:\Users\bidea\source\repos\gay.lol\gay.lol\bin\x64\Debug\net8.0-windows\gay.lol.exe.WebView2\EBWebView\Default lastActive=2026-08-28T13:46:48.516Z
2026-08-28 13:49:48.599: [INFO] LastUsedProfileDir: C:\Users\bidea\source\repos\gay.lol\gay.lol\bin\x64\Debug\net8.0-windows\gay.lol.exe.WebView2\EBWebView\Default
2026-08-28 13:49:48.599: [INFO] MostRecentlyActiveProfile: name=Profile 1 path=C:\Users\bidea\source\repos\gay.lol\gay.lol\bin\x64\Debug\net8.0-windows\gay.lol.exe.WebView2\EBWebView\Default lastActive=2026-08-28T13:46:48.516Z
2026-08-28 13:49:48.599: [INFO] OnDoneLoading sync enabled: 0
2026-08-28 13:49:48.599: [INFO] BookmarkModelLoaded, ids_reassigned: 0
2026-08-28 13:49:48.599: [INFO] BookmarksLoadDropped droppedNodes=0
2026-08-28 13:49:48.599: [INFO] BookmarksSnapshot Startup total=0 bar=0 other=0 mobile=0 showBar=0 showBarNTP=1
2026-08-28 13:51:56.124: [INFO] BookmarksSnapshot Shutdown total=0 bar=0 other=0 mobile=0 showBar=0 showBarNTP=1
2026-08-28 13:54:16.896: [INFO] CurrentProfilePath: C:\Users\bidea\source\repos\gay.lol\gay.lol\bin\x64\Debug\net8.0-windows\gay.lol.exe.WebView2\EBWebView\Default
2026-08-28 13:54:16.896: [INFO] Profiles total count: 1
2026-08-28 13:54:16.897: [INFO] Profile: name=Profile 1 path=C:\Users\bidea\source\repos\gay.lol\gay.lol\bin\x64\Debug\net8.0-windows\gay.lol.exe.WebView2\EBWebView\Default lastActive=2026-08-28T13:51:54.605Z
2026-08-28 13:54:16.897: [INFO] LastUsedProfileDir: C:\Users\bidea\source\repos\gay.lol\gay.lol\bin\x64\Debug\net8.0-windows\gay.lol.exe.WebView2\EBWebView\Default
2026-08-28 13:54:16.897: [INFO] MostRecentlyActiveProfile: name=Profile 1 path=C:\Users\bidea\source\repos\gay.lol\gay.lol\bin\x64\Debug\net8.0-windows\gay.lol.exe.WebView2\EBWebView\Default lastActive=2026-08-28T13:51:54.605Z
2026-08-28 13:54:16.897: [INFO] OnDoneLoading sync enabled: 0
2026-08-28 13:54:16.897: [INFO] BookmarkModelLoaded, ids_reassigned: 0
2026-08-28 13:54:16.897: [INFO] BookmarksLoadDropped droppedNodes=0
2026-08-28 13:54:16.897: [INFO] BookmarksSnapshot Startup total=0 bar=0 other=0 mobile=0 showBar=0 showBarNTP=1
2026-08-28 13:55:13.004: [INFO] BookmarksSnapshot Shutdown total=0 bar=0 other=0 mobile=0 showBar=0 showBarNTP=1
2026-08-28 13:56:49.047: [INFO] CurrentProfilePath: C:\Users\bidea\source\repos\gay.lol\gay.lol\bin\x64\Debug\net8.0-windows\gay.lol.exe.WebView2\EBWebView\Default
2026-08-28 13:56:49.047: [INFO] Profiles total count: 1
2026-08-28 13:56:49.047: [INFO] Profile: name=Profile 1 path=C:\Users\bidea\source\repos\gay.lol\gay.lol\bin\x64\Debug\net8.0-windows\gay.lol.exe.WebView2\EBWebView\Default lastActive=2026-08-28T13:54:17.002Z
2026-08-28 13:56:49.047: [INFO] LastUsedProfileDir: C:\Users\bidea\source\repos\gay.lol\gay.lol\bin\x64\Debug\net8.0-windows\gay.lol.exe.WebView2\EBWebView\Default
2026-08-28 13:56:49.047: [INFO] MostRecentlyActiveProfile: name=Profile 1 path=C:\Users\bidea\source\repos\gay.lol\gay.lol\bin\x64\Debug\net8.0-windows\gay.lol.exe.WebView2\EBWebView\Default lastActive=2026-08-28T13:54:17.002Z
2026-08-28 13:56:49.047: [INFO] OnDoneLoading sync enabled: 0
2026-08-28 13:56:49.047: [INFO] BookmarkModelLoaded, ids_reassigned: 0
2026-08-28 13:56:49.047: [INFO] BookmarksLoadDropped droppedNodes=0
2026-08-28 13:56:49.047: [INFO] BookmarksSnapshot Startup total=0 bar=0 other=0 mobile=0 showBar=0 showBarNTP=1
2026-08-28 13:57:08.206: [INFO] BookmarksSnapshot Shutdown total=0 bar=0 other=0 mobile=0 showBar=0 showBarNTP=1
2026-08-28 14:02:42.843: [INFO] CurrentProfilePath: C:\Users\bidea\source\repos\gay.lol\gay.lol\bin\x64\Debug\net8.0-windows\gay.lol.exe.WebView2\EBWebView\Default
2026-08-28 14:02:42.843: [INFO] Profiles total count: 1
2026-08-28 14:02:42.843: [INFO] Profile: name=Profile 1 path=C:\Users\bidea\source\repos\gay.lol\gay.lol\bin\x64\Debug\net8.0-windows\gay.lol.exe.WebView2\EBWebView\Default lastActive=2026-08-28T13:57:06.620Z
2026-08-28 14:02:42.843: [INFO] LastUsedProfileDir: C:\Users\bidea\source\repos\gay.lol\gay.lol\bin\x64\Debug\net8.0-windows\gay.lol.exe.WebView2\EBWebView\Default
2026-08-28 14:02:42.843: [INFO] MostRecentlyActiveProfile: name=Profile 1 path=C:\Users\bidea\source\repos\gay.lol\gay.lol\bin\x64\Debug\net8.0-windows\gay.lol.exe.WebView2\EBWebView\Default lastActive=2026-08-28T13:57:06.620Z
2026-08-28 14:02:42.843: [INFO] OnDoneLoading sync enabled: 0
2026-08-28 14:02:42.843: [INFO] BookmarkModelLoaded, ids_reassigned: 0
2026-08-28 14:02:42.843: [INFO] BookmarksLoadDropped droppedNodes=0
2026-08-28 14:02:42.843: [INFO] BookmarksSnapshot Startup total=0 bar=0 other=0 mobile=0 showBar=0 showBarNTP=1
2026-08-28 14:06:13.732: [INFO] BookmarksSnapshot Shutdown total=0 bar=0 other=0 mobile=0 showBar=0 showBarNTP=1
2026-08-28 14:20:43.127: [INFO] CurrentProfilePath: C:\Users\bidea\source\repos\gay.lol\gay.lol\bin\x64\Debug\net8.0-windows\gay.lol.exe.WebView2\EBWebView\Default
2026-08-28 14:20:43.127: [INFO] Profiles total count: 1
2026-08-28 14:20:43.127: [INFO] Profile: name=Profile 1 path=C:\Users\bidea\source\repos\gay.lol\gay.lol\bin\x64\Debug\net8.0-windows\gay.lol.exe.WebView2\EBWebView\Default lastActive=2026-08-28T14:06:12.068Z
2026-08-28 14:20:43.127: [INFO] LastUsedProfileDir: C:\Users\bidea\source\repos\gay.lol\gay.lol\bin\x64\Debug\net8.0-windows\gay.lol.exe.WebView2\EBWebView\Default
2026-08-28 14:20:43.127: [INFO] MostRecentlyActiveProfile: name=Profile 1 path=C:\Users\bidea\source\repos\gay.lol\gay.lol\bin\x64\Debug\net8.0-windows\gay.lol.exe.WebView2\EBWebView\Default lastActive=2026-08-28T14:06:12.068Z
2026-08-28 14:20:43.127: [INFO] OnDoneLoading sync enabled: 0
2026-08-28 14:20:43.127: [INFO] BookmarkModelLoaded, ids_reassigned: 0
2026-08-28 14:20:43.127: [INFO] BookmarksLoadDropped droppedNodes=0
2026-08-28 14:20:43.127: [INFO] BookmarksSnapshot Startup total=0 bar=0 other=0 mobile=0 showBar=0 showBarNTP=1
2026-08-28 14:23:48.673: [INFO] BookmarksSnapshot Shutdown total=0 bar=0 other=0 mobile=0 showBar=0 showBarNTP=1
2026-08-28 14:40:39.317: [INFO] CurrentProfilePath: C:\Users\bidea\source\repos\gay.lol\gay.lol\bin\x64\Debug\net8.0-windows\gay.lol.exe.WebView2\EBWebView\Default
2026-08-28 14:40:39.317: [INFO] Profiles total count: 1
2026-08-28 14:40:39.323: [INFO] Profile: name=Profile 1 path=C:\Users\bidea\source\repos\gay.lol\gay.lol\bin\x64\Debug\net8.0-windows\gay.lol.exe.WebView2\EBWebView\Default lastActive=2026-08-28T14:23:46.929Z
2026-08-28 14:40:39.323: [INFO] LastUsedProfileDir: C:\Users\bidea\source\repos\gay.lol\gay.lol\bin\x64\Debug\net8.0-windows\gay.lol.exe.WebView2\EBWebView\Default
2026-08-28 14:40:39.323: [INFO] MostRecentlyActiveProfile: name=Profile 1 path=C:\Users\bidea\source\repos\gay.lol\gay.lol\bin\x64\Debug\net8.0-windows\gay.lol.exe.WebView2\EBWebView\Default lastActive=2026-08-28T14:23:46.929Z
2026-08-28 14:40:39.323: [INFO] OnDoneLoading sync enabled: 0
2026-08-28 14:40:39.323: [INFO] BookmarkModelLoaded, ids_reassigned: 0
2026-08-28 14:40:39.323: [INFO] BookmarksLoadDropped droppedNodes=0
2026-08-28 14:40:39.323: [INFO] BookmarksSnapshot Startup total=0 bar=0 other=0 mobile=0 showBar=0 showBarNTP=1
2026-08-28 14:48:17.636: [INFO] BookmarksSnapshot Shutdown total=0 bar=0 other=0 mobile=0 showBar=0 showBarNTP=1
2026-08-28 14:48:20.753: [INFO] CurrentProfilePath: C:\Users\bidea\source\repos\gay.lol\gay.lol\bin\x64\Debug\net8.0-windows\gay.lol.exe.WebView2\EBWebView\Default
2026-08-28 14:48:20.753: [INFO] Profiles total count: 1
2026-08-28 14:48:20.753: [INFO] Profile: name=Profile 1 path=C:\Users\bidea\source\repos\gay.lol\gay.lol\bin\x64\Debug\net8.0-windows\gay.lol.exe.WebView2\EBWebView\Default lastActive=2026-08-28T14:48:15.147Z
2026-08-28 14:48:20.753: [INFO] LastUsedProfileDir: C:\Users\bidea\source\repos\gay.lol\gay.lol\bin\x64\Debug\net8.0-windows\gay.lol.exe.WebView2\EBWebView\Default
2026-08-28 14:48:20.753: [INFO] MostRecentlyActiveProfile: name=Profile 1 path=C:\Users\bidea\source\repos\gay.lol\gay.lol\bin\x64\Debug\net8.0-windows\gay.lol.exe.WebView2\EBWebView\Default lastActive=2026-08-28T14:48:15.147Z
2026-08-28 14:48:20.753: [INFO] OnDoneLoading sync enabled: 0
2026-08-28 14:48:20.753: [INFO] BookmarkModelLoaded, ids_reassigned: 0
2026-08-28 14:48:20.753: [INFO] BookmarksLoadDropped droppedNodes=0
2026-08-28 14:48:20.753: [INFO] BookmarksSnapshot Startup total=0 bar=0 other=0 mobile=0 showBar=0 showBarNTP=1
2026-08-28 14:48:54.569: [INFO] BookmarksSnapshot Shutdown total=0 bar=0 other=0 mobile=0 showBar=0 showBarNTP=1
2026-08-28 14:56:25.356: [INFO] CurrentProfilePath: C:\Users\bidea\source\repos\gay.lol\gay.lol\bin\x64\Debug\net8.0-windows\gay.lol.exe.WebView2\EBWebView\Default
2026-08-28 14:56:25.356: [INFO] Profiles total count: 1
2026-08-28 14:56:25.356: [INFO] Profile: name=Profile 1 path=C:\Users\bidea\source\repos\gay.lol\gay.lol\bin\x64\Debug\net8.0-windows\gay.lol.exe.WebView2\EBWebView\Default lastActive=2026-08-28T14:48:42.407Z
2026-08-28 14:56:25.356: [INFO] LastUsedProfileDir: C:\Users\bidea\source\repos\gay.lol\gay.lol\bin\x64\Debug\net8.0-windows\gay.lol.exe.WebView2\EBWebView\Default
2026-08-28 14:56:25.356: [INFO] MostRecentlyActiveProfile: name=Profile 1 path=C:\Users\bidea\source\repos\gay.lol\gay.lol\bin\x64\Debug\net8.0-windows\gay.lol.exe.WebView2\EBWebView\Default lastActive=2026-08-28T14:48:42.407Z
2026-08-28 14:56:25.356: [INFO] OnDoneLoading sync enabled: 0
2026-08-28 14:56:25.356: [INFO] BookmarkModelLoaded, ids_reassigned: 0
2026-08-28 14:56:25.356: [INFO] BookmarksLoadDropped droppedNodes=0
2026-08-28 14:56:25.356: [INFO] BookmarksSnapshot Startup total=0 bar=0 other=0 mobile=0 showBar=0 showBarNTP=1
2026-08-28 14:57:45.533: [INFO] BookmarksSnapshot Shutdown total=0 bar=0 other=0 mobile=0 showBar=0 showBarNTP=1
2026-08-28 14:57:52.151: [INFO] CurrentProfilePath: C:\Users\bidea\source\repos\gay.lol\gay.lol\bin\x64\Debug\net8.0-windows\gay.lol.exe.WebView2\EBWebView\Default
2026-08-28 14:57:52.151: [INFO] Profiles total count: 1
2026-08-28 14:57:52.151: [INFO] Profile: name=Profile 1 path=C:\Users\bidea\source\repos\gay.lol\gay.lol\bin\x64\Debug\net8.0-windows\gay.lol.exe.WebView2\EBWebView\Default lastActive=2026-08-28T14:56:35.333Z
2026-08-28 14:57:52.151: [INFO] LastUsedProfileDir: C:\Users\bidea\source\repos\gay.lol\gay.lol\bin\x64\Debug\net8.0-windows\gay.lol.exe.WebView2\EBWebView\Default
2026-08-28 14:57:52.151: [INFO] MostRecentlyActiveProfile: name=Profile 1 path=C:\Users\bidea\source\repos\gay.lol\gay.lol\bin\x64\Debug\net8.0-windows\gay.lol.exe.WebView2\EBWebView\Default lastActive=2026-08-28T14:56:35.333Z
2026-08-28 14:57:52.151: [INFO] OnDoneLoading sync enabled: 0
2026-08-28 14:57:52.151: [INFO] BookmarkModelLoaded, ids_reassigned: 0
2026-08-28 14:57:52.151: [INFO] BookmarksLoadDropped droppedNodes=0
2026-08-28 14:57:52.151: [INFO] BookmarksSnapshot Startup total=0 bar=0 other=0 mobile=0 showBar=0 showBarNTP=1
2026-08-28 14:58:26.788: [INFO] BookmarksSnapshot Shutdown total=0 bar=0 other=0 mobile=0 showBar=0 showBarNTP=1
2026-08-28 15:05:23.480: [INFO] CurrentProfilePath: C:\Users\bidea\source\repos\gay.lol\gay.lol\bin\x64\Debug\net8.0-windows\gay.lol.exe.WebView2\EBWebView\Default
2026-08-28 15:05:23.480: [INFO] Profiles total count: 1
2026-08-28 15:05:23.480: [INFO] Profile: name=Profile 1 path=C:\Users\bidea\source\repos\gay.lol\gay.lol\bin\x64\Debug\net8.0-windows\gay.lol.exe.WebView2\EBWebView\Default lastActive=2026-08-28T14:58:22.885Z
2026-08-28 15:05:23.480: [INFO] LastUsedProfileDir: C:\Users\bidea\source\repos\gay.lol\gay.lol\bin\x64\Debug\net8.0-windows\gay.lol.exe.WebView2\EBWebView\Default
2026-08-28 15:05:23.480: [INFO] MostRecentlyActiveProfile: name=Profile 1 path=C:\Users\bidea\source\repos\gay.lol\gay.lol\bin\x64\Debug\net8.0-windows\gay.lol.exe.WebView2\EBWebView\Default lastActive=2026-08-28T14:58:22.885Z
2026-08-28 15:05:23.480: [INFO] OnDoneLoading sync enabled: 0
2026-08-28 15:05:23.480: [INFO] BookmarkModelLoaded, ids_reassigned: 0
2026-08-28 15:05:23.480: [INFO] BookmarksLoadDropped droppedNodes=0
2026-08-28 15:05:23.480: [INFO] BookmarksSnapshot Startup total=0 bar=0 other=0 mobile=0 showBar=0 showBarNTP=1
2026-08-28 15:06:03.940: [INFO] BookmarksSnapshot Shutdown total=0 bar=0 other=0 mobile=0 showBar=0 showBarNTP=1
2026-08-28 15:08:58.217: [INFO] CurrentProfilePath: C:\Users\bidea\source\repos\gay.lol\gay.lol\bin\x64\Debug\net8.0-windows\gay.lol.exe.WebView2\EBWebView\Default
2026-08-28 15:08:58.217: [INFO] Profiles total count: 1
2026-08-28 15:08:58.217: [INFO] Profile: name=Profile 1 path=C:\Users\bidea\source\repos\gay.lol\gay.lol\bin\x64\Debug\net8.0-windows\gay.lol.exe.WebView2\EBWebView\Default lastActive=2026-08-28T15:06:02.687Z
2026-08-28 15:08:58.217: [INFO] LastUsedProfileDir: C:\Users\bidea\source\repos\gay.lol\gay.lol\bin\x64\Debug\net8.0-windows\gay.lol.exe.WebView2\EBWebView\Default
2026-08-28 15:08:58.217: [INFO] MostRecentlyActiveProfile: name=Profile 1 path=C:\Users\bidea\source\repos\gay.lol\gay.lol\bin\x64\Debug\net8.0-windows\gay.lol.exe.WebView2\EBWebView\Default lastActive=2026-08-28T15:06:02.687Z
2026-08-28 15:08:58.217: [INFO] OnDoneLoading sync enabled: 0
2026-08-28 15:08:58.217: [INFO] BookmarkModelLoaded, ids_reassigned: 0
2026-08-28 15:08:58.217: [INFO] BookmarksLoadDropped droppedNodes=0
2026-08-28 15:08:58.217: [INFO] BookmarksSnapshot Startup total=0 bar=0 other=0 mobile=0 showBar=0 showBarNTP=1
2026-08-28 15:09:09.868: [INFO] BookmarksSnapshot Shutdown total=0 bar=0 other=0 mobile=0 showBar=0 showBarNTP=1
2026-08-28 15:10:33.811: [INFO] CurrentProfilePath: C:\Users\bidea\source\repos\gay.lol\gay.lol\bin\x64\Debug\net8.0-windows\gay.lol.exe.WebView2\EBWebView\Default
2026-08-28 15:10:33.811: [INFO] Profiles total count: 1
2026-08-28 15:10:33.812: [INFO] Profile: name=Profile 1 path=C:\Users\bidea\source\repos\gay.lol\gay.lol\bin\x64\Debug\net8.0-windows\gay.lol.exe.WebView2\EBWebView\Default lastActive=2026-08-28T15:08:58.299Z
2026-08-28 15:10:33.812: [INFO] LastUsedProfileDir: C:\Users\bidea\source\repos\gay.lol\gay.lol\bin\x64\Debug\net8.0-windows\gay.lol.exe.WebView2\EBWebView\Default
2026-08-28 15:10:33.812: [INFO] MostRecentlyActiveProfile: name=Profile 1 path=C:\Users\bidea\source\repos\gay.lol\gay.lol\bin\x64\Debug\net8.0-windows\gay.lol.exe.WebView2\EBWebView\Default lastActive=2026-08-28T15:08:58.299Z
2026-08-28 15:10:33.812: [INFO] OnDoneLoading sync enabled: 0
2026-08-28 15:10:33.812: [INFO] BookmarkModelLoaded, ids_reassigned: 0
2026-08-28 15:10:33.812: [INFO] BookmarksLoadDropped droppedNodes=0
2026-08-28 15:10:33.812: [INFO] BookmarksSnapshot Startup total=0 bar=0 other=0 mobile=0 showBar=0 showBarNTP=1
2026-08-28 15:15:11.562: [INFO] BookmarksSnapshot Shutdown total=0 bar=0 other=0 mobile=0 showBar=0 showBarNTP=1
2026-08-28 15:15:19.031: [INFO] CurrentProfilePath: C:\Users\bidea\source\repos\gay.lol\gay.lol\bin\x64\Debug\net8.0-windows\gay.lol.exe.WebView2\EBWebView\Default
2026-08-28 15:15:19.031: [INFO] Profiles total count: 1
2026-08-28 15:15:19.031: [INFO] Profile: name=Profile 1 path=C:\Users\bidea\source\repos\gay.lol\gay.lol\bin\x64\Debug\net8.0-windows\gay.lol.exe.WebView2\EBWebView\Default lastActive=2026-08-28T15:13:11.170Z
2026-08-28 15:15:19.031: [INFO] LastUsedProfileDir: C:\Users\bidea\source\repos\gay.lol\gay.lol\bin\x64\Debug\net8.0-windows\gay.lol.exe.WebView2\EBWebView\Default
2026-08-28 15:15:19.032: [INFO] MostRecentlyActiveProfile: name=Profile 1 path=C:\Users\bidea\source\repos\gay.lol\gay.lol\bin\x64\Debug\net8.0-windows\gay.lol.exe.WebView2\EBWebView\Default lastActive=2026-08-28T15:13:11.170Z
2026-08-28 15:15:19.032: [INFO] OnDoneLoading sync enabled: 0
2026-08-28 15:15:19.032: [INFO] BookmarkModelLoaded, ids_reassigned: 0
2026-08-28 15:15:19.032: [INFO] BookmarksLoadDropped droppedNodes=0
2026-08-28 15:15:19.032: [INFO] BookmarksSnapshot Startup total=0 bar=0 other=0 mobile=0 showBar=0 showBarNTP=1
2026-08-28 15:15:31.707: [INFO] BookmarksSnapshot Shutdown total=0 bar=0 other=0 mobile=0 showBar=0 showBarNTP=1
2026-08-28 15:18:02.909: [INFO] CurrentProfilePath: C:\Users\bidea\source\repos\gay.lol\gay.lol\bin\x64\Debug\net8.0-windows\gay.lol.exe.WebView2\EBWebView\Default
2026-08-28 15:18:02.909: [INFO] Profiles total count: 1
2026-08-28 15:18:02.909: [INFO] Profile: name=Profile 1 path=C:\Users\bidea\source\repos\gay.lol\gay.lol\bin\x64\Debug\net8.0-windows\gay.lol.exe.WebView2\EBWebView\Default lastActive=2026-08-28T15:15:29.870Z
2026-08-28 15:18:02.909: [INFO] LastUsedProfileDir: C:\Users\bidea\source\repos\gay.lol\gay.lol\bin\x64\Debug\net8.0-windows\gay.lol.exe.WebView2\EBWebView\Default
2026-08-28 15:18:02.909: [INFO] MostRecentlyActiveProfile: name=Profile 1 path=C:\Users\bidea\source\repos\gay.lol\gay.lol\bin\x64\Debug\net8.0-windows\gay.lol.exe.WebView2\EBWebView\Default lastActive=2026-08-28T15:15:29.870Z
2026-08-28 15:18:02.909: [INFO] OnDoneLoading sync enabled: 0
2026-08-28 15:18:02.909: [INFO] BookmarkModelLoaded, ids_reassigned: 0
2026-08-28 15:18:02.909: [INFO] BookmarksLoadDropped droppedNodes=0
2026-08-28 15:18:02.909: [INFO] BookmarksSnapshot Startup total=0 bar=0 other=0 mobile=0 showBar=0 showBarNTP=1
2026-08-28 15:21:17.470: [INFO] BookmarksSnapshot Shutdown total=0 bar=0 other=0 mobile=0 showBar=0 showBarNTP=1
2026-08-28 15:27:25.540: [INFO] CurrentProfilePath: C:\Users\bidea\source\repos\gay.lol\gay.lol\bin\x64\Debug\net8.0-windows\gay.lol.exe.WebView2\EBWebView\Default
2026-08-28 15:27:25.540: [INFO] Profiles total count: 1
2026-08-28 15:27:25.540: [INFO] Profile: name=Profile 1 path=C:\Users\bidea\source\repos\gay.lol\gay.lol\bin\x64\Debug\net8.0-windows\gay.lol.exe.WebView2\EBWebView\Default lastActive=2026-08-28T15:21:14.398Z
2026-08-28 15:27:25.540: [INFO] LastUsedProfileDir: C:\Users\bidea\source\repos\gay.lol\gay.lol\bin\x64\Debug\net8.0-windows\gay.lol.exe.WebView2\EBWebView\Default
2026-08-28 15:27:25.540: [INFO] MostRecentlyActiveProfile: name=Profile 1 path=C:\Users\bidea\source\repos\gay.lol\gay.lol\bin\x64\Debug\net8.0-windows\gay.lol.exe.WebView2\EBWebView\Default lastActive=2026-08-28T15:21:14.398Z
2026-08-28 15:27:25.540: [INFO] OnDoneLoading sync enabled: 0
2026-08-28 15:27:25.540: [INFO] BookmarkModelLoaded, ids_reassigned: 0
2026-08-28 15:27:25.540: [INFO] BookmarksLoadDropped droppedNodes=0
2026-08-28 15:27:25.540: [INFO] BookmarksSnapshot Startup total=0 bar=0 other=0 mobile=0 showBar=0 showBarNTP=1
2026-08-28 15:29:49.384: [INFO] BookmarksSnapshot Shutdown total=0 bar=0 other=0 mobile=0 showBar=0 showBarNTP=1
2026-08-28 15:36:02.753: [INFO] CurrentProfilePath: C:\Users\bidea\source\repos\gay.lol\gay.lol\bin\x64\Debug\net8.0-windows\gay.lol.exe.WebView2\EBWebView\Default
2026-08-28 15:36:02.753: [INFO] Profiles total count: 1
2026-08-28 15:36:02.753: [INFO] Profile: name=Profile 1 path=C:\Users\bidea\source\repos\gay.lol\gay.lol\bin\x64\Debug\net8.0-windows\gay.lol.exe.WebView2\EBWebView\Default lastActive=2026-08-28T15:29:46.793Z
2026-08-28 15:36:02.753: [INFO] LastUsedProfileDir: C:\Users\bidea\source\repos\gay.lol\gay.lol\bin\x64\Debug\net8.0-windows\gay.lol.exe.WebView2\EBWebView\Default
2026-08-28 15:36:02.753: [INFO] MostRecentlyActiveProfile: name=Profile 1 path=C:\Users\bidea\source\repos\gay.lol\gay.lol\bin\x64\Debug\net8.0-windows\gay.lol.exe.WebView2\EBWebView\Default lastActive=2026-08-28T15:29:46.793Z
2026-08-28 15:36:02.753: [INFO] OnDoneLoading sync enabled: 0
2026-08-28 15:36:02.753: [INFO] BookmarkModelLoaded, ids_reassigned: 0
2026-08-28 15:36:02.753: [INFO] BookmarksLoadDropped droppedNodes=0
2026-08-28 15:36:02.753: [INFO] BookmarksSnapshot Startup total=0 bar=0 other=0 mobile=0 showBar=0 showBarNTP=1
2026-08-28 15:36:42.485: [INFO] BookmarksSnapshot Shutdown total=0 bar=0 other=0 mobile=0 showBar=0 showBarNTP=1
2026-08-28 15:42:55.478: [INFO] CurrentProfilePath: C:\Users\bidea\source\repos\gay.lol\gay.lol\bin\x64\Debug\net8.0-windows\gay.lol.exe.WebView2\EBWebView\Default
2026-08-28 15:42:55.478: [INFO] Profiles total count: 1
2026-08-28 15:42:55.478: [INFO] Profile: name=Profile 1 path=C:\Users\bidea\source\repos\gay.lol\gay.lol\bin\x64\Debug\net8.0-windows\gay.lol.exe.WebView2\EBWebView\Default lastActive=2026-08-28T15:36:41.284Z
2026-08-28 15:42:55.478: [INFO] LastUsedProfileDir: C:\Users\bidea\source\repos\gay.lol\gay.lol\bin\x64\Debug\net8.0-windows\gay.lol.exe.WebView2\EBWebView\Default
2026-08-28 15:42:55.478: [INFO] MostRecentlyActiveProfile: name=Profile 1 path=C:\Users\bidea\source\repos\gay.lol\gay.lol\bin\x64\Debug\net8.0-windows\gay.lol.exe.WebView2\EBWebView\Default lastActive=2026-08-28T15:36:41.284Z
2026-08-28 15:42:55.478: [INFO] OnDoneLoading sync enabled: 0
2026-08-28 15:42:55.478: [INFO] BookmarkModelLoaded, ids_reassigned: 0
2026-08-28 15:42:55.478: [INFO] BookmarksLoadDropped droppedNodes=0
2026-08-28 15:42:55.478: [INFO] BookmarksSnapshot Startup total=0 bar=0 other=0 mobile=0 showBar=0 showBarNTP=1
2026-08-28 15:43:45.327: [INFO] BookmarksSnapshot Shutdown total=0 bar=0 other=0 mobile=0 showBar=0 showBarNTP=1
2026-08-28 15:49:50.806: [INFO] CurrentProfilePath: C:\Users\bidea\source\repos\gay.lol\gay.lol\bin\x64\Debug\net8.0-windows\gay.lol.exe.WebView2\EBWebView\Default
2026-08-28 15:49:50.806: [INFO] Profiles total count: 1
2026-08-28 15:49:50.806: [INFO] Profile: name=Profile 1 path=C:\Users\bidea\source\repos\gay.lol\gay.lol\bin\x64\Debug\net8.0-windows\gay.lol.exe.WebView2\EBWebView\Default lastActive=2026-08-28T15:43:43.701Z
2026-08-28 15:49:50.806: [INFO] LastUsedProfileDir: C:\Users\bidea\source\repos\gay.lol\gay.lol\bin\x64\Debug\net8.0-windows\gay.lol.exe.WebView2\EBWebView\Default
2026-08-28 15:49:50.806: [INFO] MostRecentlyActiveProfile: name=Profile 1 path=C:\Users\bidea\source\repos\gay.lol\gay.lol\bin\x64\Debug\net8.0-windows\gay.lol.exe.WebView2\EBWebView\Default lastActive=2026-08-28T15:43:43.701Z
2026-08-28 15:49:50.806: [INFO] OnDoneLoading sync enabled: 0
2026-08-28 15:49:50.806: [INFO] BookmarkModelLoaded, ids_reassigned: 0
2026-08-28 15:49:50.806: [INFO] BookmarksLoadDropped droppedNodes=0
2026-08-28 15:49:50.806: [INFO] BookmarksSnapshot Startup total=0 bar=0 other=0 mobile=0 showBar=0 showBarNTP=1
2026-08-28 15:53:08.032: [INFO] BookmarksSnapshot Shutdown total=0 bar=0 other=0 mobile=0 showBar=0 showBarNTP=1
2026-08-28 16:01:36.228: [INFO] CurrentProfilePath: C:\Users\bidea\source\repos\gay.lol\gay.lol\bin\x64\Debug\net8.0-windows\gay.lol.exe.WebView2\EBWebView\Default
2026-08-28 16:01:36.228: [INFO] Profiles total count: 1
2026-08-28 16:01:36.228: [INFO] Profile: name=Profile 1 path=C:\Users\bidea\source\repos\gay.lol\gay.lol\bin\x64\Debug\net8.0-windows\gay.lol.exe.WebView2\EBWebView\Default lastActive=2026-08-28T15:53:01.327Z
2026-08-28 16:01:36.228: [INFO] LastUsedProfileDir: C:\Users\bidea\source\repos\gay.lol\gay.lol\bin\x64\Debug\net8.0-windows\gay.lol.exe.WebView2\EBWebView\Default
2026-08-28 16:01:36.228: [INFO] MostRecentlyActiveProfile: name=Profile 1 path=C:\Users\bidea\source\repos\gay.lol\gay.lol\bin\x64\Debug\net8.0-windows\gay.lol.exe.WebView2\EBWebView\Default lastActive=2026-08-28T15:53:01.327Z
2026-08-28 16:01:36.228: [INFO] OnDoneLoading sync enabled: 0
2026-08-28 16:01:36.228: [INFO] BookmarkModelLoaded, ids_reassigned: 0
2026-08-28 16:01:36.228: [INFO] BookmarksLoadDropped droppedNodes=0
2026-08-28 16:01:36.228: [INFO] BookmarksSnapshot Startup total=0 bar=0 other=0 mobile=0 showBar=0 showBarNTP=1
2026-08-28 16:07:38.382: [INFO] BookmarksSnapshot Shutdown total=0 bar=0 other=0 mobile=0 showBar=0 showBarNTP=1
2026-08-28 16:21:44.380: [INFO] CurrentProfilePath: C:\Users\bidea\source\repos\gay.lol\gay.lol\bin\x64\Debug\net8.0-windows\gay.lol.exe.WebView2\EBWebView\Default
2026-08-28 16:21:44.380: [INFO] Profiles total count: 1
2026-08-28 16:21:44.380: [INFO] Profile: name=Profile 1 path=C:\Users\bidea\source\repos\gay.lol\gay.lol\bin\x64\Debug\net8.0-windows\gay.lol.exe.WebView2\EBWebView\Default lastActive=2026-08-28T16:07:32.020Z
2026-08-28 16:21:44.380: [INFO] LastUsedProfileDir: C:\Users\bidea\source\repos\gay.lol\gay.lol\bin\x64\Debug\net8.0-windows\gay.lol.exe.WebView2\EBWebView\Default
2026-08-28 16:21:44.380: [INFO] MostRecentlyActiveProfile: name=Profile 1 path=C:\Users\bidea\source\repos\gay.lol\gay.lol\bin\x64\Debug\net8.0-windows\gay.lol.exe.WebView2\EBWebView\Default lastActive=2026-08-28T16:07:32.020Z
2026-08-28 16:21:44.380: [INFO] OnDoneLoading sync enabled: 0
2026-08-28 16:21:44.380: [INFO] BookmarkModelLoaded, ids_reassigned: 0
2026-08-28 16:21:44.380: [INFO] BookmarksLoadDropped droppedNodes=0
2026-08-28 16:21:44.380: [INFO] BookmarksSnapshot Startup total=0 bar=0 other=0 mobile=0 showBar=0 showBarNTP=1
2026-08-28 16:22:00.982: [INFO] BookmarksSnapshot Shutdown total=0 bar=0 other=0 mobile=0 showBar=0 showBarNTP=1
2026-08-28 16:22:47.924: [INFO] CurrentProfilePath: C:\Users\bidea\source\repos\gay.lol\gay.lol\bin\x64\Debug\net8.0-windows\gay.lol.exe.WebView2\EBWebView\Default
2026-08-28 16:22:47.924: [INFO] Profiles total count: 1
2026-08-28 16:22:47.924: [INFO] Profile: name=Profile 1 path=C:\Users\bidea\source\repos\gay.lol\gay.lol\bin\x64\Debug\net8.0-windows\gay.lol.exe.WebView2\EBWebView\Default lastActive=2026-08-28T16:21:44.461Z
2026-08-28 16:22:47.924: [INFO] LastUsedProfileDir: C:\Users\bidea\source\repos\gay.lol\gay.lol\bin\x64\Debug\net8.0-windows\gay.lol.exe.WebView2\EBWebView\Default
2026-08-28 16:22:47.924: [INFO] MostRecentlyActiveProfile: name=Profile 1 path=C:\Users\bidea\source\repos\gay.lol\gay.lol\bin\x64\Debug\net8.0-windows\gay.lol.exe.WebView2\EBWebView\Default lastActive=2026-08-28T16:21:44.461Z
2026-08-28 16:22:47.924: [INFO] OnDoneLoading sync enabled: 0
2026-08-28 16:22:47.924: [INFO] BookmarkModelLoaded, ids_reassigned: 0
2026-08-28 16:22:47.924: [INFO] BookmarksLoadDropped droppedNodes=0
2026-08-28 16:22:47.924: [INFO] BookmarksSnapshot Startup total=0 bar=0 other=0 mobile=0 showBar=0 showBarNTP=1
2026-08-28 16:24:11.532: [INFO] BookmarksSnapshot Shutdown total=0 bar=0 other=0 mobile=0 showBar=0 showBarNTP=1
2026-08-28 16:25:14.310: [INFO] CurrentProfilePath: C:\Users\bidea\source\repos\gay.lol\gay.lol\bin\x64\Debug\net8.0-windows\gay.lol.exe.WebView2\EBWebView\Default
2026-08-28 16:25:14.310: [INFO] Profiles total count: 1
2026-08-28 16:25:14.310: [INFO] Profile: name=Profile 1 path=C:\Users\bidea\source\repos\gay.lol\gay.lol\bin\x64\Debug\net8.0-windows\gay.lol.exe.WebView2\EBWebView\Default lastActive=2026-08-28T16:24:11.393Z
2026-08-28 16:25:14.310: [INFO] LastUsedProfileDir: C:\Users\bidea\source\repos\gay.lol\gay.lol\bin\x64\Debug\net8.0-windows\gay.lol.exe.WebView2\EBWebView\Default
2026-08-28 16:25:14.310: [INFO] MostRecentlyActiveProfile: name=Profile 1 path=C:\Users\bidea\source\repos\gay.lol\gay.lol\bin\x64\Debug\net8.0-windows\gay.lol.exe.WebView2\EBWebView\Default lastActive=2026-08-28T16:24:11.393Z
2026-08-28 16:25:14.310: [INFO] OnDoneLoading sync enabled: 0
2026-08-28 16:25:14.310: [INFO] BookmarkModelLoaded, ids_reassigned: 0
2026-08-28 16:25:14.310: [INFO] BookmarksLoadDropped droppedNodes=0
2026-08-28 16:25:14.310: [INFO] BookmarksSnapshot Startup total=0 bar=0 other=0 mobile=0 showBar=0 showBarNTP=1
2026-08-28 16:25:31.000: [INFO] BookmarksSnapshot Shutdown total=0 bar=0 other=0 mobile=0 showBar=0 showBarNTP=1
2026-08-28 16:25:39.255: [INFO] CurrentProfilePath: C:\Users\bidea\source\repos\gay.lol\gay.lol\bin\x64\Debug\net8.0-windows\gay.lol.exe.WebView2\EBWebView\Default
2026-08-28 16:25:39.255: [INFO] Profiles total count: 1
2026-08-28 16:25:39.255: [INFO] Profile: name=Profile 1 path=C:\Users\bidea\source\repos\gay.lol\gay.lol\bin\x64\Debug\net8.0-windows\gay.lol.exe.WebView2\EBWebView\Default lastActive=2026-08-28T16:25:29.492Z
2026-08-28 16:25:39.255: [INFO] LastUsedProfileDir: C:\Users\bidea\source\repos\gay.lol\gay.lol\bin\x64\Debug\net8.0-windows\gay.lol.exe.WebView2\EBWebView\Default
2026-08-28 16:25:39.255: [INFO] MostRecentlyActiveProfile: name=Profile 1 path=C:\Users\bidea\source\repos\gay.lol\gay.lol\bin\x64\Debug\net8.0-windows\gay.lol.exe.WebView2\EBWebView\Default lastActive=2026-08-28T16:25:29.492Z
2026-08-28 16:25:39.255: [INFO] OnDoneLoading sync enabled: 0
2026-08-28 16:25:39.255: [INFO] BookmarkModelLoaded, ids_reassigned: 0
2026-08-28 16:25:39.255: [INFO] BookmarksLoadDropped droppedNodes=0
2026-08-28 16:25:39.255: [INFO] BookmarksSnapshot Startup total=0 bar=0 other=0 mobile=0 showBar=0 showBarNTP=1
2026-08-28 16:25:47.030: [INFO] BookmarksSnapshot Shutdown total=0 bar=0 other=0 mobile=0 showBar=0 showBarNTP=1
2026-08-28 16:25:56.366: [INFO] CurrentProfilePath: C:\Users\bidea\source\repos\gay.lol\gay.lol\bin\x64\Debug\net8.0-windows\gay.lol.exe.WebView2\EBWebView\Default
2026-08-28 16:25:56.366: [INFO] Profiles total count: 1
2026-08-28 16:25:56.367: [INFO] Profile: name=Profile 1 path=C:\Users\bidea\source\repos\gay.lol\gay.lol\bin\x64\Debug\net8.0-windows\gay.lol.exe.WebView2\EBWebView\Default lastActive=2026-08-28T16:25:46.871Z
2026-08-28 16:25:56.367: [INFO] LastUsedProfileDir: C:\Users\bidea\source\repos\gay.lol\gay.lol\bin\x64\Debug\net8.0-windows\gay.lol.exe.WebView2\EBWebView\Default
2026-08-28 16:25:56.367: [INFO] MostRecentlyActiveProfile: name=Profile 1 path=C:\Users\bidea\source\repos\gay.lol\gay.lol\bin\x64\Debug\net8.0-windows\gay.lol.exe.WebView2\EBWebView\Default lastActive=2026-08-28T16:25:46.871Z
2026-08-28 16:25:56.367: [INFO] OnDoneLoading sync enabled: 0
2026-08-28 16:25:56.367: [INFO] BookmarkModelLoaded, ids_reassigned: 0
2026-08-28 16:25:56.367: [INFO] BookmarksLoadDropped droppedNodes=0
2026-08-28 16:25:56.367: [INFO] BookmarksSnapshot Startup total=0 bar=0 other=0 mobile=0 showBar=0 showBarNTP=1
2026-08-28 16:26:02.385: [INFO] BookmarksSnapshot Shutdown total=0 bar=0 other=0 mobile=0 showBar=0 showBarNTP=1
2026-08-28 16:26:22.766: [INFO] CurrentProfilePath: C:\Users\bidea\source\repos\gay.lol\gay.lol\bin\x64\Debug\net8.0-windows\gay.lol.exe.WebView2\EBWebView\Default
2026-08-28 16:26:22.766: [INFO] Profiles total count: 1
2026-08-28 16:26:22.766: [INFO] Profile: name=Profile 1 path=C:\Users\bidea\source\repos\gay.lol\gay.lol\bin\x64\Debug\net8.0-windows\gay.lol.exe.WebView2\EBWebView\Default lastActive=2026-08-28T16:25:56.455Z
2026-08-28 16:26:22.766: [INFO] LastUsedProfileDir: C:\Users\bidea\source\repos\gay.lol\gay.lol\bin\x64\Debug\net8.0-windows\gay.lol.exe.WebView2\EBWebView\Default
2026-08-28 16:26:22.766: [INFO] MostRecentlyActiveProfile: name=Profile 1 path=C:\Users\bidea\source\repos\gay.lol\gay.lol\bin\x64\Debug\net8.0-windows\gay.lol.exe.WebView2\EBWebView\Default lastActive=2026-08-28T16:25:56.455Z
2026-08-28 16:26:22.766: [INFO] OnDoneLoading sync enabled: 0
2026-08-28 16:26:22.766: [INFO] BookmarkModelLoaded, ids_reassigned: 0
2026-08-28 16:26:22.766: [INFO] BookmarksLoadDropped droppedNodes=0
2026-08-28 16:26:22.766: [INFO] BookmarksSnapshot Startup total=0 bar=0 other=0 mobile=0 showBar=0 showBarNTP=1
2026-08-28 16:26:48.560: [INFO] BookmarksSnapshot Shutdown total=0 bar=0 other=0 mobile=0 showBar=0 showBarNTP=1
2026-08-28 16:26:52.508: [INFO] CurrentProfilePath: C:\Users\bidea\source\repos\gay.lol\gay.lol\bin\x64\Debug\net8.0-windows\gay.lol.exe.WebView2\EBWebView\Default
2026-08-28 16:26:52.508: [INFO] Profiles total count: 1
2026-08-28 16:26:52.508: [INFO] Profile: name=Profile 1 path=C:\Users\bidea\source\repos\gay.lol\gay.lol\bin\x64\Debug\net8.0-windows\gay.lol.exe.WebView2\EBWebView\Default lastActive=2026-08-28T16:26:46.636Z
2026-08-28 16:26:52.508: [INFO] LastUsedProfileDir: C:\Users\bidea\source\repos\gay.lol\gay.lol\bin\x64\Debug\net8.0-windows\gay.lol.exe.WebView2\EBWebView\Default
2026-08-28 16:26:52.508: [INFO] MostRecentlyActiveProfile: name=Profile 1 path=C:\Users\bidea\source\repos\gay.lol\gay.lol\bin\x64\Debug\net8.0-windows\gay.lol.exe.WebView2\EBWebView\Default lastActive=2026-08-28T16:26:46.636Z
2026-08-28 16:26:52.508: [INFO] OnDoneLoading sync enabled: 0
2026-08-28 16:26:52.508: [INFO] BookmarkModelLoaded, ids_reassigned: 0
2026-08-28 16:26:52.508: [INFO] BookmarksLoadDropped droppedNodes=0
2026-08-28 16:26:52.508: [INFO] BookmarksSnapshot Startup total=0 bar=0 other=0 mobile=0 showBar=0 showBarNTP=1
2026-08-28 16:26:58.312: [INFO] BookmarksSnapshot Shutdown total=0 bar=0 other=0 mobile=0 showBar=0 showBarNTP=1
2026-08-28 16:27:09.771: [INFO] CurrentProfilePath: C:\Users\bidea\source\repos\gay.lol\gay.lol\bin\x64\Debug\net8.0-windows\gay.lol.exe.WebView2\EBWebView\Default
2026-08-28 16:27:09.771: [INFO] Profiles total count: 1
2026-08-28 16:27:09.771: [INFO] Profile: name=Profile 1 path=C:\Users\bidea\source\repos\gay.lol\gay.lol\bin\x64\Debug\net8.0-windows\gay.lol.exe.WebView2\EBWebView\Default lastActive=2026-08-28T16:26:58.177Z
2026-08-28 16:27:09.771: [INFO] LastUsedProfileDir: C:\Users\bidea\source\repos\gay.lol\gay.lol\bin\x64\Debug\net8.0-windows\gay.lol.exe.WebView2\EBWebView\Default
2026-08-28 16:27:09.771: [INFO] MostRecentlyActiveProfile: name=Profile 1 path=C:\Users\bidea\source\repos\gay.lol\gay.lol\bin\x64\Debug\net8.0-windows\gay.lol.exe.WebView2\EBWebView\Default lastActive=2026-08-28T16:26:58.177Z
2026-08-28 16:27:09.771: [INFO] OnDoneLoading sync enabled: 0
2026-08-28 16:27:09.771: [INFO] BookmarkModelLoaded, ids_reassigned: 0
2026-08-28 16:27:09.771: [INFO] BookmarksLoadDropped droppedNodes=0
2026-08-28 16:27:09.771: [INFO] BookmarksSnapshot Startup total=0 bar=0 other=0 mobile=0 showBar=0 showBarNTP=1
2026-08-28 16:31:47.469: [INFO] BookmarksSnapshot Shutdown total=0 bar=0 other=0 mobile=0 showBar=0 showBarNTP=1
2026-08-28 16:31:51.585: [INFO] CurrentProfilePath: C:\Users\bidea\source\repos\gay.lol\gay.lol\bin\x64\Debug\net8.0-windows\gay.lol.exe.WebView2\EBWebView\Default
2026-08-28 16:31:51.585: [INFO] Profiles total count: 1
2026-08-28 16:31:51.585: [INFO] Profile: name=Profile 1 path=C:\Users\bidea\source\repos\gay.lol\gay.lol\bin\x64\Debug\net8.0-windows\gay.lol.exe.WebView2\EBWebView\Default lastActive=2026-08-28T16:31:45.269Z
2026-08-28 16:31:51.585: [INFO] LastUsedProfileDir: C:\Users\bidea\source\repos\gay.lol\gay.lol\bin\x64\Debug\net8.0-windows\gay.lol.exe.WebView2\EBWebView\Default
2026-08-28 16:31:51.585: [INFO] MostRecentlyActiveProfile: name=Profile 1 path=C:\Users\bidea\source\repos\gay.lol\gay.lol\bin\x64\Debug\net8.0-windows\gay.lol.exe.WebView2\EBWebView\Default lastActive=2026-08-28T16:31:45.269Z
2026-08-28 16:31:51.585: [INFO] OnDoneLoading sync enabled: 0
2026-08-28 16:31:51.585: [INFO] BookmarkModelLoaded, ids_reassigned: 0
2026-08-28 16:31:51.585: [INFO] BookmarksLoadDropped droppedNodes=0
2026-08-28 16:31:51.585: [INFO] BookmarksSnapshot Startup total=0 bar=0 other=0 mobile=0 showBar=0 showBarNTP=1
2026-08-28 16:34:08.094: [INFO] BookmarksSnapshot Shutdown total=0 bar=0 other=0 mobile=0 showBar=0 showBarNTP=1
2026-08-28 17:02:03.567: [INFO] CurrentProfilePath: C:\Users\bidea\source\repos\gay.lol\gay.lol\bin\x64\Debug\net8.0-windows\gay.lol.exe.WebView2\EBWebView\Default
2026-08-28 17:02:03.567: [INFO] Profiles total count: 1
2026-08-28 17:02:03.568: [INFO] Profile: name=Profile 1 path=C:\Users\bidea\source\repos\gay.lol\gay.lol\bin\x64\Debug\net8.0-windows\gay.lol.exe.WebView2\EBWebView\Default lastActive=2026-08-28T16:34:07.943Z
2026-08-28 17:02:03.568: [INFO] LastUsedProfileDir: C:\Users\bidea\source\repos\gay.lol\gay.lol\bin\x64\Debug\net8.0-windows\gay.lol.exe.WebView2\EBWebView\Default
2026-08-28 17:02:03.568: [INFO] MostRecentlyActiveProfile: name=Profile 1 path=C:\Users\bidea\source\repos\gay.lol\gay.lol\bin\x64\Debug\net8.0-windows\gay.lol.exe.WebView2\EBWebView\Default lastActive=2026-08-28T16:34:07.943Z
2026-08-28 17:02:03.568: [INFO] OnDoneLoading sync enabled: 0
2026-08-28 17:02:03.568: [INFO] BookmarkModelLoaded, ids_reassigned: 0
2026-08-28 17:02:03.568: [INFO] BookmarksLoadDropped droppedNodes=0
2026-08-28 17:02:03.568: [INFO] BookmarksSnapshot Startup total=0 bar=0 other=0 mobile=0 showBar=0 showBarNTP=1
2026-08-28 17:02:35.974: [INFO] BookmarksSnapshot Shutdown total=0 bar=0 other=0 mobile=0 showBar=0 showBarNTP=1
2026-08-28 18:54:33.942: [INFO] CurrentProfilePath: C:\Users\bidea\source\repos\gay.lol\gay.lol\bin\x64\Debug\net8.0-windows\gay.lol.exe.WebView2\EBWebView\Default
2026-08-28 18:54:33.942: [INFO] Profiles total count: 1
2026-08-28 18:54:33.942: [INFO] Profile: name=Profile 1 path=C:\Users\bidea\source\repos\gay.lol\gay.lol\bin\x64\Debug\net8.0-windows\gay.lol.exe.WebView2\EBWebView\Default lastActive=2026-08-28T17:02:03.717Z
2026-08-28 18:54:33.942: [INFO] LastUsedProfileDir: C:\Users\bidea\source\repos\gay.lol\gay.lol\bin\x64\Debug\net8.0-windows\gay.lol.exe.WebView2\EBWebView\Default
2026-08-28 18:54:33.942: [INFO] MostRecentlyActiveProfile: name=Profile 1 path=C:\Users\bidea\source\repos\gay.lol\gay.lol\bin\x64\Debug\net8.0-windows\gay.lol.exe.WebView2\EBWebView\Default lastActive=2026-08-28T17:02:03.717Z
2026-08-28 18:54:33.942: [INFO] OnDoneLoading sync enabled: 0
2026-08-28 18:54:33.942: [INFO] BookmarkModelLoaded, ids_reassigned: 0
2026-08-28 18:54:33.942: [INFO] BookmarksLoadDropped droppedNodes=0
2026-08-28 18:54:33.942: [INFO] BookmarksSnapshot Startup total=0 bar=0 other=0 mobile=0 showBar=0 showBarNTP=1
2026-08-28 19:05:25.598: [INFO] BookmarksSnapshot Shutdown total=0 bar=0 other=0 mobile=0 showBar=0 showBarNTP=1
2026-08-28 19:05:26.902: [INFO] CurrentProfilePath: C:\Users\bidea\source\repos\gay.lol\gay.lol\bin\x64\Debug\net8.0-windows\gay.lol.exe.WebView2\EBWebView\Default
2026-08-28 19:05:26.902: [INFO] Profiles total count: 1
2026-08-28 19:05:26.902: [INFO] Profile: name=Profile 1 path=C:\Users\bidea\source\repos\gay.lol\gay.lol\bin\x64\Debug\net8.0-windows\gay.lol.exe.WebView2\EBWebView\Default lastActive=2026-08-28T19:05:24.424Z
2026-08-28 19:05:26.902: [INFO] LastUsedProfileDir: C:\Users\bidea\source\repos\gay.lol\gay.lol\bin\x64\Debug\net8.0-windows\gay.lol.exe.WebView2\EBWebView\Default
2026-08-28 19:05:26.902: [INFO] MostRecentlyActiveProfile: name=Profile 1 path=C:\Users\bidea\source\repos\gay.lol\gay.lol\bin\x64\Debug\net8.0-windows\gay.lol.exe.WebView2\EBWebView\Default lastActive=2026-08-28T19:05:24.424Z
2026-08-28 19:05:26.902: [INFO] OnDoneLoading sync enabled: 0
2026-08-28 19:05:26.902: [INFO] BookmarkModelLoaded, ids_reassigned: 0
2026-08-28 19:05:26.902: [INFO] BookmarksLoadDropped droppedNodes=0
2026-08-28 19:05:26.902: [INFO] BookmarksSnapshot Startup total=0 bar=0 other=0 mobile=0 showBar=0 showBarNTP=1
2026-08-28 19:07:36.277: [INFO] BookmarksSnapshot Shutdown total=0 bar=0 other=0 mobile=0 showBar=0 showBarNTP=1
2026-08-28 19:13:42.230: [INFO] CurrentProfilePath: C:\Users\bidea\source\repos\gay.lol\gay.lol\bin\x64\Debug\net8.0-windows\gay.lol.exe.WebView2\EBWebView\Default
2026-08-28 19:13:42.230: [INFO] Profiles total count: 1
2026-08-28 19:13:42.230: [INFO] Profile: name=Profile 1 path=C:\Users\bidea\source\repos\gay.lol\gay.lol\bin\x64\Debug\net8.0-windows\gay.lol.exe.WebView2\EBWebView\Default lastActive=2026-08-28T19:07:36.133Z
2026-08-28 19:13:42.231: [INFO] LastUsedProfileDir: C:\Users\bidea\source\repos\gay.lol\gay.lol\bin\x64\Debug\net8.0-windows\gay.lol.exe.WebView2\EBWebView\Default
2026-08-28 19:13:42.231: [INFO] MostRecentlyActiveProfile: name=Profile 1 path=C:\Users\bidea\source\repos\gay.lol\gay.lol\bin\x64\Debug\net8.0-windows\gay.lol.exe.WebView2\EBWebView\Default lastActive=2026-08-28T19:07:36.133Z
2026-08-28 19:13:42.231: [INFO] OnDoneLoading sync enabled: 0
2026-08-28 19:13:42.231: [INFO] BookmarkModelLoaded, ids_reassigned: 0
2026-08-28 19:13:42.231: [INFO] BookmarksLoadDropped droppedNodes=0
2026-08-28 19:13:42.231: [INFO] BookmarksSnapshot Startup total=0 bar=0 other=0 mobile=0 showBar=0 showBarNTP=1
2026-08-28 19:20:58.555: [INFO] BookmarksSnapshot Shutdown total=0 bar=0 other=0 mobile=0 showBar=0 showBarNTP=1
2026-08-28 19:21:02.714: [INFO] CurrentProfilePath: C:\Users\bidea\source\repos\gay.lol\gay.lol\bin\x64\Debug\net8.0-windows\gay.lol.exe.WebView2\EBWebView\Default
2026-08-28 19:21:02.714: [INFO] Profiles total count: 1
2026-08-28 19:21:02.714: [INFO] Profile: name=Profile 1 path=C:\Users\bidea\source\repos\gay.lol\gay.lol\bin\x64\Debug\net8.0-windows\gay.lol.exe.WebView2\EBWebView\Default lastActive=2026-08-28T19:20:56.839Z
2026-08-28 19:21:02.714: [INFO] LastUsedProfileDir: C:\Users\bidea\source\repos\gay.lol\gay.lol\bin\x64\Debug\net8.0-windows\gay.lol.exe.WebView2\EBWebView\Default
2026-08-28 19:21:02.714: [INFO] MostRecentlyActiveProfile: name=Profile 1 path=C:\Users\bidea\source\repos\gay.lol\gay.lol\bin\x64\Debug\net8.0-windows\gay.lol.exe.WebView2\EBWebView\Default lastActive=2026-08-28T19:20:56.839Z
2026-08-28 19:21:02.714: [INFO] OnDoneLoading sync enabled: 0
2026-08-28 19:21:02.714: [INFO] BookmarkModelLoaded, ids_reassigned: 0
2026-08-28 19:21:02.714: [INFO] BookmarksLoadDropped droppedNodes=0
2026-08-28 19:21:02.714: [INFO] BookmarksSnapshot Startup total=0 bar=0 other=0 mobile=0 showBar=0 showBarNTP=1
2026-08-28 19:21:16.231: [INFO] BookmarksSnapshot Shutdown total=0 bar=0 other=0 mobile=0 showBar=0 showBarNTP=1
2026-08-28 19:22:34.019: [INFO] CurrentProfilePath: C:\Users\bidea\source\repos\gay.lol\gay.lol\bin\x64\Debug\net8.0-windows\gay.lol.exe.WebView2\EBWebView\Default
2026-08-28 19:22:34.019: [INFO] Profiles total count: 1
2026-08-28 19:22:34.019: [INFO] Profile: name=Profile 1 path=C:\Users\bidea\source\repos\gay.lol\gay.lol\bin\x64\Debug\net8.0-windows\gay.lol.exe.WebView2\EBWebView\Default lastActive=2026-08-28T19:21:02.799Z
2026-08-28 19:22:34.019: [INFO] LastUsedProfileDir: C:\Users\bidea\source\repos\gay.lol\gay.lol\bin\x64\Debug\net8.0-windows\gay.lol.exe.WebView2\EBWebView\Default
2026-08-28 19:22:34.019: [INFO] MostRecentlyActiveProfile: name=Profile 1 path=C:\Users\bidea\source\repos\gay.lol\gay.lol\bin\x64\Debug\net8.0-windows\gay.lol.exe.WebView2\EBWebView\Default lastActive=2026-08-28T19:21:02.799Z
2026-08-28 19:22:34.019: [INFO] OnDoneLoading sync enabled: 0
2026-08-28 19:22:34.019: [INFO] BookmarkModelLoaded, ids_reassigned: 0
2026-08-28 19:22:34.019: [INFO] BookmarksLoadDropped droppedNodes=0
2026-08-28 19:22:34.019: [INFO] BookmarksSnapshot Startup total=0 bar=0 other=0 mobile=0 showBar=0 showBarNTP=1
2026-08-28 19:22:38.713: [INFO] BookmarksSnapshot Shutdown total=0 bar=0 other=0 mobile=0 showBar=0 showBarNTP=1
2026-08-28 19:23:44.510: [INFO] CurrentProfilePath: C:\Users\bidea\source\repos\gay.lol\gay.lol\bin\x64\Debug\net8.0-windows\gay.lol.exe.WebView2\EBWebView\Default
2026-08-28 19:23:44.510: [INFO] Profiles total count: 1
2026-08-28 19:23:44.512: [INFO] Profile: name=Profile 1 path=C:\Users\bidea\source\repos\gay.lol\gay.lol\bin\x64\Debug\net8.0-windows\gay.lol.exe.WebView2\EBWebView\Default lastActive=2026-08-28T19:22:34.754Z
2026-08-28 19:23:44.512: [INFO] LastUsedProfileDir: C:\Users\bidea\source\repos\gay.lol\gay.lol\bin\x64\Debug\net8.0-windows\gay.lol.exe.WebView2\EBWebView\Default
2026-08-28 19:23:44.512: [INFO] MostRecentlyActiveProfile: name=Profile 1 path=C:\Users\bidea\source\repos\gay.lol\gay.lol\bin\x64\Debug\net8.0-windows\gay.lol.exe.WebView2\EBWebView\Default lastActive=2026-08-28T19:22:34.754Z
2026-08-28 19:23:44.512: [INFO] OnDoneLoading sync enabled: 0
2026-08-28 19:23:44.512: [INFO] BookmarkModelLoaded, ids_reassigned: 0
2026-08-28 19:23:44.512: [INFO] BookmarksLoadDropped droppedNodes=0
2026-08-28 19:23:44.512: [INFO] BookmarksSnapshot Startup total=0 bar=0 other=0 mobile=0 showBar=0 showBarNTP=1
2026-08-28 19:27:06.728: [INFO] BookmarksSnapshot Shutdown total=0 bar=0 other=0 mobile=0 showBar=0 showBarNTP=1
2026-08-28 19:29:01.683: [INFO] CurrentProfilePath: C:\Users\bidea\source\repos\gay.lol\gay.lol\bin\x64\Debug\net8.0-windows\gay.lol.exe.WebView2\EBWebView\Default
2026-08-28 19:29:01.683: [INFO] Profiles total count: 1
2026-08-28 19:29:01.683: [INFO] Profile: name=Profile 1 path=C:\Users\bidea\source\repos\gay.lol\gay.lol\bin\x64\Debug\net8.0-windows\gay.lol.exe.WebView2\EBWebView\Default lastActive=2026-08-28T19:26:42.918Z
2026-08-28 19:29:01.683: [INFO] LastUsedProfileDir: C:\Users\bidea\source\repos\gay.lol\gay.lol\bin\x64\Debug\net8.0-windows\gay.lol.exe.WebView2\EBWebView\Default
2026-08-28 19:29:01.683: [INFO] MostRecentlyActiveProfile: name=Profile 1 path=C:\Users\bidea\source\repos\gay.lol\gay.lol\bin\x64\Debug\net8.0-windows\gay.lol.exe.WebView2\EBWebView\Default lastActive=2026-08-28T19:26:42.918Z
2026-08-28 19:29:01.683: [INFO] OnDoneLoading sync enabled: 0
2026-08-28 19:29:01.683: [INFO] BookmarkModelLoaded, ids_reassigned: 0
2026-08-28 19:29:01.683: [INFO] BookmarksLoadDropped droppedNodes=0
2026-08-28 19:29:01.683: [INFO] BookmarksSnapshot Startup total=0 bar=0 other=0 mobile=0 showBar=0 showBarNTP=1
2026-08-28 19:29:12.960: [INFO] BookmarksSnapshot Shutdown total=0 bar=0 other=0 mobile=0 showBar=0 showBarNTP=1
2026-08-28 19:33:44.926: [INFO] CurrentProfilePath: C:\Users\bidea\source\repos\gay.lol\gay.lol\bin\x64\Debug\net8.0-windows\gay.lol.exe.WebView2\EBWebView\Default
2026-08-28 19:33:44.926: [INFO] Profiles total count: 1
2026-08-28 19:33:44.927: [INFO] Profile: name=Profile 1 path=C:\Users\bidea\source\repos\gay.lol\gay.lol\bin\x64\Debug\net8.0-windows\gay.lol.exe.WebView2\EBWebView\Default lastActive=2026-08-28T19:29:01.828Z
2026-08-28 19:33:44.927: [INFO] LastUsedProfileDir: C:\Users\bidea\source\repos\gay.lol\gay.lol\bin\x64\Debug\net8.0-windows\gay.lol.exe.WebView2\EBWebView\Default
2026-08-28 19:33:44.927: [INFO] MostRecentlyActiveProfile: name=Profile 1 path=C:\Users\bidea\source\repos\gay.lol\gay.lol\bin\x64\Debug\net8.0-windows\gay.lol.exe.WebView2\EBWebView\Default lastActive=2026-08-28T19:29:01.828Z
2026-08-28 19:33:44.927: [INFO] OnDoneLoading sync enabled: 0
2026-08-28 19:33:44.927: [INFO] BookmarkModelLoaded, ids_reassigned: 0
2026-08-28 19:33:44.927: [INFO] BookmarksLoadDropped droppedNodes=0
2026-08-28 19:33:44.927: [INFO] BookmarksSnapshot Startup total=0 bar=0 other=0 mobile=0 showBar=0 showBarNTP=1
2026-08-28 19:34:03.986: [INFO] BookmarksSnapshot Shutdown total=0 bar=0 other=0 mobile=0 showBar=0 showBarNTP=1
2026-08-28 19:36:04.100: [INFO] CurrentProfilePath: C:\Users\bidea\source\repos\gay.lol\gay.lol\bin\x64\Debug\net8.0-windows\gay.lol.exe.WebView2\EBWebView\Default
2026-08-28 19:36:04.100: [INFO] Profiles total count: 1
2026-08-28 19:36:04.100: [INFO] Profile: name=Profile 1 path=C:\Users\bidea\source\repos\gay.lol\gay.lol\bin\x64\Debug\net8.0-windows\gay.lol.exe.WebView2\EBWebView\Default lastActive=2026-08-28T19:33:51.034Z
2026-08-28 19:36:04.100: [INFO] LastUsedProfileDir: C:\Users\bidea\source\repos\gay.lol\gay.lol\bin\x64\Debug\net8.0-windows\gay.lol.exe.WebView2\EBWebView\Default
2026-08-28 19:36:04.100: [INFO] MostRecentlyActiveProfile: name=Profile 1 path=C:\Users\bidea\source\repos\gay.lol\gay.lol\bin\x64\Debug\net8.0-windows\gay.lol.exe.WebView2\EBWebView\Default lastActive=2026-08-28T19:33:51.034Z
2026-08-28 19:36:04.100: [INFO] OnDoneLoading sync enabled: 0
2026-08-28 19:36:04.100: [INFO] BookmarkModelLoaded, ids_reassigned: 0
2026-08-28 19:36:04.100: [INFO] BookmarksLoadDropped droppedNodes=0
2026-08-28 19:36:04.100: [INFO] BookmarksSnapshot Startup total=0 bar=0 other=0 mobile=0 showBar=0 showBarNTP=1
2026-08-28 19:36:09.187: [INFO] BookmarksSnapshot Shutdown total=0 bar=0 other=0 mobile=0 showBar=0 showBarNTP=1
2026-08-28 19:37:31.512: [INFO] CurrentProfilePath: C:\Users\bidea\source\repos\gay.lol\gay.lol\bin\x64\Debug\net8.0-windows\gay.lol.exe.WebView2\EBWebView\Default
2026-08-28 19:37:31.512: [INFO] Profiles total count: 1
2026-08-28 19:37:31.512: [INFO] Profile: name=Profile 1 path=C:\Users\bidea\source\repos\gay.lol\gay.lol\bin\x64\Debug\net8.0-windows\gay.lol.exe.WebView2\EBWebView\Default lastActive=2026-08-28T19:36:04.200Z
2026-08-28 19:37:31.512: [INFO] LastUsedProfileDir: C:\Users\bidea\source\repos\gay.lol\gay.lol\bin\x64\Debug\net8.0-windows\gay.lol.exe.WebView2\EBWebView\Default
2026-08-28 19:37:31.512: [INFO] MostRecentlyActiveProfile: name=Profile 1 path=C:\Users\bidea\source\repos\gay.lol\gay.lol\bin\x64\Debug\net8.0-windows\gay.lol.exe.WebView2\EBWebView\Default lastActive=2026-08-28T19:36:04.200Z
2026-08-28 19:37:31.513: [INFO] OnDoneLoading sync enabled: 0
2026-08-28 19:37:31.513: [INFO] BookmarkModelLoaded, ids_reassigned: 0
2026-08-28 19:37:31.513: [INFO] BookmarksLoadDropped droppedNodes=0
2026-08-28 19:37:31.513: [INFO] BookmarksSnapshot Startup total=0 bar=0 other=0 mobile=0 showBar=0 showBarNTP=1
2026-08-28 19:37:35.692: [INFO] BookmarksSnapshot Shutdown total=0 bar=0 other=0 mobile=0 showBar=0 showBarNTP=1
2026-08-28 19:40:32.261: [INFO] CurrentProfilePath: C:\Users\bidea\source\repos\gay.lol\gay.lol\bin\x64\Debug\net8.0-windows\gay.lol.exe.WebView2\EBWebView\Default
2026-08-28 19:40:32.261: [INFO] Profiles total count: 1
2026-08-28 19:40:32.261: [INFO] Profile: name=Profile 1 path=C:\Users\bidea\source\repos\gay.lol\gay.lol\bin\x64\Debug\net8.0-windows\gay.lol.exe.WebView2\EBWebView\Default lastActive=2026-08-28T19:37:35.545Z
2026-08-28 19:40:32.261: [INFO] LastUsedProfileDir: C:\Users\bidea\source\repos\gay.lol\gay.lol\bin\x64\Debug\net8.0-windows\gay.lol.exe.WebView2\EBWebView\Default
2026-08-28 19:40:32.261: [INFO] MostRecentlyActiveProfile: name=Profile 1 path=C:\Users\bidea\source\repos\gay.lol\gay.lol\bin\x64\Debug\net8.0-windows\gay.lol.exe.WebView2\EBWebView\Default lastActive=2026-08-28T19:37:35.545Z
2026-08-28 19:40:32.261: [INFO] OnDoneLoading sync enabled: 0
2026-08-28 19:40:32.261: [INFO] BookmarkModelLoaded, ids_reassigned: 0
2026-08-28 19:40:32.261: [INFO] BookmarksLoadDropped droppedNodes=0
2026-08-28 19:40:32.261: [INFO] BookmarksSnapshot Startup total=0 bar=0 other=0 mobile=0 showBar=0 showBarNTP=1
2026-08-28 19:41:44.913: [INFO] BookmarksSnapshot Shutdown total=0 bar=0 other=0 mobile=0 showBar=0 showBarNTP=1
2026-08-28 19:41:46.700: [INFO] CurrentProfilePath: C:\Users\bidea\source\repos\gay.lol\gay.lol\bin\x64\Debug\net8.0-windows\gay.lol.exe.WebView2\EBWebView\Default
2026-08-28 19:41:46.700: [INFO] Profiles total count: 1
2026-08-28 19:41:46.701: [INFO] Profile: name=Profile 1 path=C:\Users\bidea\source\repos\gay.lol\gay.lol\bin\x64\Debug\net8.0-windows\gay.lol.exe.WebView2\EBWebView\Default lastActive=2026-08-28T19:41:43.884Z
2026-08-28 19:41:46.701: [INFO] LastUsedProfileDir: C:\Users\bidea\source\repos\gay.lol\gay.lol\bin\x64\Debug\net8.0-windows\gay.lol.exe.WebView2\EBWebView\Default
2026-08-28 19:41:46.701: [INFO] MostRecentlyActiveProfile: name=Profile 1 path=C:\Users\bidea\source\repos\gay.lol\gay.lol\bin\x64\Debug\net8.0-windows\gay.lol.exe.WebView2\EBWebView\Default lastActive=2026-08-28T19:41:43.884Z
2026-08-28 19:41:46.701: [INFO] OnDoneLoading sync enabled: 0
2026-08-28 19:41:46.701: [INFO] BookmarkModelLoaded, ids_reassigned: 0
2026-08-28 19:41:46.701: [INFO] BookmarksLoadDropped droppedNodes=0
2026-08-28 19:41:46.701: [INFO] BookmarksSnapshot Startup total=0 bar=0 other=0 mobile=0 showBar=0 showBarNTP=1
2026-08-28 19:43:20.831: [INFO] BookmarksSnapshot Shutdown total=0 bar=0 other=0 mobile=0 showBar=0 showBarNTP=1
2026-08-28 19:47:10.314: [INFO] CurrentProfilePath: C:\Users\bidea\source\repos\gay.lol\gay.lol\bin\x64\Debug\net8.0-windows\gay.lol.exe.WebView2\EBWebView\Default
2026-08-28 19:47:10.314: [INFO] Profiles total count: 1
2026-08-28 19:47:10.314: [INFO] Profile: name=Profile 1 path=C:\Users\bidea\source\repos\gay.lol\gay.lol\bin\x64\Debug\net8.0-windows\gay.lol.exe.WebView2\EBWebView\Default lastActive=2026-08-28T19:43:17.050Z
2026-08-28 19:47:10.314: [INFO] LastUsedProfileDir: C:\Users\bidea\source\repos\gay.lol\gay.lol\bin\x64\Debug\net8.0-windows\gay.lol.exe.WebView2\EBWebView\Default
2026-08-28 19:47:10.314: [INFO] MostRecentlyActiveProfile: name=Profile 1 path=C:\Users\bidea\source\repos\gay.lol\gay.lol\bin\x64\Debug\net8.0-windows\gay.lol.exe.WebView2\EBWebView\Default lastActive=2026-08-28T19:43:17.050Z
2026-08-28 19:47:10.314: [INFO] OnDoneLoading sync enabled: 0
2026-08-28 19:47:10.314: [INFO] BookmarkModelLoaded, ids_reassigned: 0
2026-08-28 19:47:10.314: [INFO] BookmarksLoadDropped droppedNodes=0
2026-08-28 19:47:10.314: [INFO] BookmarksSnapshot Startup total=0 bar=0 other=0 mobile=0 showBar=0 showBarNTP=1
2026-08-28 19:48:36.650: [INFO] BookmarksSnapshot Shutdown total=0 bar=0 other=0 mobile=0 showBar=0 showBarNTP=1
2026-08-28 19:48:38.179: [INFO] CurrentProfilePath: C:\Users\bidea\source\repos\gay.lol\gay.lol\bin\x64\Debug\net8.0-windows\gay.lol.exe.WebView2\EBWebView\Default
2026-08-28 19:48:38.179: [INFO] Profiles total count: 1
2026-08-28 19:48:38.179: [INFO] Profile: name=Profile 1 path=C:\Users\bidea\source\repos\gay.lol\gay.lol\bin\x64\Debug\net8.0-windows\gay.lol.exe.WebView2\EBWebView\Default lastActive=2026-08-28T19:47:28.735Z
2026-08-28 19:48:38.179: [INFO] LastUsedProfileDir: C:\Users\bidea\source\repos\gay.lol\gay.lol\bin\x64\Debug\net8.0-windows\gay.lol.exe.WebView2\EBWebView\Default
2026-08-28 19:48:38.179: [INFO] MostRecentlyActiveProfile: name=Profile 1 path=C:\Users\bidea\source\repos\gay.lol\gay.lol\bin\x64\Debug\net8.0-windows\gay.lol.exe.WebView2\EBWebView\Default lastActive=2026-08-28T19:47:28.735Z
2026-08-28 19:48:38.179: [INFO] OnDoneLoading sync enabled: 0
2026-08-28 19:48:38.179: [INFO] BookmarkModelLoaded, ids_reassigned: 0
2026-08-28 19:48:38.179: [INFO] BookmarksLoadDropped droppedNodes=0
2026-08-28 19:48:38.179: [INFO] BookmarksSnapshot Startup total=0 bar=0 other=0 mobile=0 showBar=0 showBarNTP=1
2026-08-28 19:48:50.267: [INFO] BookmarksSnapshot Shutdown total=0 bar=0 other=0 mobile=0 showBar=0 showBarNTP=1
2026-08-28 19:48:54.480: [INFO] CurrentProfilePath: C:\Users\bidea\source\repos\gay.lol\gay.lol\bin\x64\Debug\net8.0-windows\gay.lol.exe.WebView2\EBWebView\Default
2026-08-28 19:48:54.480: [INFO] Profiles total count: 1
2026-08-28 19:48:54.480: [INFO] Profile: name=Profile 1 path=C:\Users\bidea\source\repos\gay.lol\gay.lol\bin\x64\Debug\net8.0-windows\gay.lol.exe.WebView2\EBWebView\Default lastActive=2026-08-28T19:48:40.397Z
2026-08-28 19:48:54.480: [INFO] LastUsedProfileDir: C:\Users\bidea\source\repos\gay.lol\gay.lol\bin\x64\Debug\net8.0-windows\gay.lol.exe.WebView2\EBWebView\Default
2026-08-28 19:48:54.480: [INFO] MostRecentlyActiveProfile: name=Profile 1 path=C:\Users\bidea\source\repos\gay.lol\gay.lol\bin\x64\Debug\net8.0-windows\gay.lol.exe.WebView2\EBWebView\Default lastActive=2026-08-28T19:48:40.397Z
2026-08-28 19:48:54.480: [INFO] OnDoneLoading sync enabled: 0
2026-08-28 19:48:54.480: [INFO] BookmarkModelLoaded, ids_reassigned: 0
2026-08-28 19:48:54.480: [INFO] BookmarksLoadDropped droppedNodes=0
2026-08-28 19:48:54.480: [INFO] BookmarksSnapshot Startup total=0 bar=0 other=0 mobile=0 showBar=0 showBarNTP=1
2026-08-28 19:49:56.794: [INFO] BookmarksSnapshot Shutdown total=0 bar=0 other=0 mobile=0 showBar=0 showBarNTP=1
2026-08-28 19:50:08.785: [INFO] CurrentProfilePath: C:\Users\bidea\source\repos\gay.lol\gay.lol\bin\x64\Debug\net8.0-windows\gay.lol.exe.WebView2\EBWebView\Default
2026-08-28 19:50:08.785: [INFO] Profiles total count: 1
2026-08-28 19:50:08.786: [INFO] Profile: name=Profile 1 path=C:\Users\bidea\source\repos\gay.lol\gay.lol\bin\x64\Debug\net8.0-windows\gay.lol.exe.WebView2\EBWebView\Default lastActive=2026-08-28T19:49:56.646Z
2026-08-28 19:50:08.786: [INFO] LastUsedProfileDir: C:\Users\bidea\source\repos\gay.lol\gay.lol\bin\x64\Debug\net8.0-windows\gay.lol.exe.WebView2\EBWebView\Default
2026-08-28 19:50:08.786: [INFO] MostRecentlyActiveProfile: name=Profile 1 path=C:\Users\bidea\source\repos\gay.lol\gay.lol\bin\x64\Debug\net8.0-windows\gay.lol.exe.WebView2\EBWebView\Default lastActive=2026-08-28T19:49:56.646Z
2026-08-28 19:50:08.786: [INFO] OnDoneLoading sync enabled: 0
2026-08-28 19:50:08.786: [INFO] BookmarkModelLoaded, ids_reassigned: 0
2026-08-28 19:50:08.786: [INFO] BookmarksLoadDropped droppedNodes=0
2026-08-28 19:50:08.786: [INFO] BookmarksSnapshot Startup total=0 bar=0 other=0 mobile=0 showBar=0 showBarNTP=1
2026-08-28 19:51:09.464: [INFO] BookmarksSnapshot Shutdown total=0 bar=0 other=0 mobile=0 showBar=0 showBarNTP=1
2026-08-28 19:52:23.134: [INFO] CurrentProfilePath: C:\Users\bidea\source\repos\gay.lol\gay.lol\bin\x64\Debug\net8.0-windows\gay.lol.exe.WebView2\EBWebView\Default
2026-08-28 19:52:23.134: [INFO] Profiles total count: 1
2026-08-28 19:52:23.134: [INFO] Profile: name=Profile 1 path=C:\Users\bidea\source\repos\gay.lol\gay.lol\bin\x64\Debug\net8.0-windows\gay.lol.exe.WebView2\EBWebView\Default lastActive=2026-08-28T19:51:07.581Z
2026-08-28 19:52:23.134: [INFO] LastUsedProfileDir: C:\Users\bidea\source\repos\gay.lol\gay.lol\bin\x64\Debug\net8.0-windows\gay.lol.exe.WebView2\EBWebView\Default
2026-08-28 19:52:23.134: [INFO] MostRecentlyActiveProfile: name=Profile 1 path=C:\Users\bidea\source\repos\gay.lol\gay.lol\bin\x64\Debug\net8.0-windows\gay.lol.exe.WebView2\EBWebView\Default lastActive=2026-08-28T19:51:07.581Z
2026-08-28 19:52:23.134: [INFO] OnDoneLoading sync enabled: 0
2026-08-28 19:52:23.134: [INFO] BookmarkModelLoaded, ids_reassigned: 0
2026-08-28 19:52:23.134: [INFO] BookmarksLoadDropped droppedNodes=0
2026-08-28 19:52:23.134: [INFO] BookmarksSnapshot Startup total=0 bar=0 other=0 mobile=0 showBar=0 showBarNTP=1
2026-08-28 19:53:57.020: [INFO] BookmarksSnapshot Shutdown total=0 bar=0 other=0 mobile=0 showBar=0 showBarNTP=1
2026-08-28 19:56:00.440: [INFO] CurrentProfilePath: C:\Users\bidea\source\repos\gay.lol\gay.lol\bin\x64\Debug\net8.0-windows\gay.lol.exe.WebView2\EBWebView\Default
2026-08-28 19:56:00.440: [INFO] Profiles total count: 1
2026-08-28 19:56:00.440: [INFO] Profile: name=Profile 1 path=C:\Users\bidea\source\repos\gay.lol\gay.lol\bin\x64\Debug\net8.0-windows\gay.lol.exe.WebView2\EBWebView\Default lastActive=2026-08-28T19:53:17.994Z
2026-08-28 19:56:00.440: [INFO] LastUsedProfileDir: C:\Users\bidea\source\repos\gay.lol\gay.lol\bin\x64\Debug\net8.0-windows\gay.lol.exe.WebView2\EBWebView\Default
2026-08-28 19:56:00.440: [INFO] MostRecentlyActiveProfile: name=Profile 1 path=C:\Users\bidea\source\repos\gay.lol\gay.lol\bin\x64\Debug\net8.0-windows\gay.lol.exe.WebView2\EBWebView\Default lastActive=2026-08-28T19:53:17.994Z
2026-08-28 19:56:00.440: [INFO] OnDoneLoading sync enabled: 0
2026-08-28 19:56:00.440: [INFO] BookmarkModelLoaded, ids_reassigned: 0
2026-08-28 19:56:00.440: [INFO] BookmarksLoadDropped droppedNodes=0
2026-08-28 19:56:00.440: [INFO] BookmarksSnapshot Startup total=0 bar=0 other=0 mobile=0 showBar=0 showBarNTP=1
2026-08-28 19:56:05.494: [INFO] BookmarksSnapshot Shutdown total=0 bar=0 other=0 mobile=0 showBar=0 showBarNTP=1
2026-08-28 20:14:57.138: [INFO] CurrentProfilePath: C:\Users\bidea\source\repos\gay.lol\gay.lol\bin\x64\Debug\net8.0-windows\gay.lol.exe.WebView2\EBWebView\Default
2026-08-28 20:14:57.138: [INFO] Profiles total count: 1
2026-08-28 20:14:57.139: [INFO] Profile: name=Profile 1 path=C:\Users\bidea\source\repos\gay.lol\gay.lol\bin\x64\Debug\net8.0-windows\gay.lol.exe.WebView2\EBWebView\Default lastActive=2026-08-28T19:56:00.542Z
2026-08-28 20:14:57.139: [INFO] LastUsedProfileDir: C:\Users\bidea\source\repos\gay.lol\gay.lol\bin\x64\Debug\net8.0-windows\gay.lol.exe.WebView2\EBWebView\Default
2026-08-28 20:14:57.139: [INFO] MostRecentlyActiveProfile: name=Profile 1 path=C:\Users\bidea\source\repos\gay.lol\gay.lol\bin\x64\Debug\net8.0-windows\gay.lol.exe.WebView2\EBWebView\Default lastActive=2026-08-28T19:56:00.542Z
2026-08-28 20:14:57.139: [INFO] OnDoneLoading sync enabled: 0
2026-08-28 20:14:57.139: [INFO] BookmarkModelLoaded, ids_reassigned: 0
2026-08-28 20:14:57.139: [INFO] BookmarksLoadDropped droppedNodes=0
2026-08-28 20:14:57.139: [INFO] BookmarksSnapshot Startup total=0 bar=0 other=0 mobile=0 showBar=0 showBarNTP=1
2026-08-28 20:15:02.978: [INFO] BookmarksSnapshot Shutdown total=0 bar=0 other=0 mobile=0 showBar=0 showBarNTP=1
2026-08-28 20:17:27.621: [INFO] CurrentProfilePath: C:\Users\bidea\source\repos\gay.lol\gay.lol\bin\x64\Debug\net8.0-windows\gay.lol.exe.WebView2\EBWebView\Default
2026-08-28 20:17:27.621: [INFO] Profiles total count: 1
2026-08-28 20:17:27.621: [INFO] Profile: name=Profile 1 path=C:\Users\bidea\source\repos\gay.lol\gay.lol\bin\x64\Debug\net8.0-windows\gay.lol.exe.WebView2\EBWebView\Default lastActive=2026-08-28T20:15:02.792Z
2026-08-28 20:17:27.621: [INFO] LastUsedProfileDir: C:\Users\bidea\source\repos\gay.lol\gay.lol\bin\x64\Debug\net8.0-windows\gay.lol.exe.WebView2\EBWebView\Default
2026-08-28 20:17:27.622: [INFO] MostRecentlyActiveProfile: name=Profile 1 path=C:\Users\bidea\source\repos\gay.lol\gay.lol\bin\x64\Debug\net8.0-windows\gay.lol.exe.WebView2\EBWebView\Default lastActive=2026-08-28T20:15:02.792Z
2026-08-28 20:17:27.622: [INFO] OnDoneLoading sync enabled: 0
2026-08-28 20:17:27.622: [INFO] BookmarkModelLoaded, ids_reassigned: 0
2026-08-28 20:17:27.622: [INFO] BookmarksLoadDropped droppedNodes=0
2026-08-28 20:17:27.622: [INFO] BookmarksSnapshot Startup total=0 bar=0 other=0 mobile=0 showBar=0 showBarNTP=1
2026-08-28 20:17:32.013: [INFO] BookmarksSnapshot Shutdown total=0 bar=0 other=0 mobile=0 showBar=0 showBarNTP=1
2026-08-28 20:36:19.541: [INFO] CurrentProfilePath: C:\Users\bidea\source\repos\gay.lol\gay.lol\bin\x64\Debug\net8.0-windows\gay.lol.exe.WebView2\EBWebView\Default
2026-08-28 20:36:19.541: [INFO] Profiles total count: 1
2026-08-28 20:36:19.541: [INFO] Profile: name=Profile 1 path=C:\Users\bidea\source\repos\gay.lol\gay.lol\bin\x64\Debug\net8.0-windows\gay.lol.exe.WebView2\EBWebView\Default lastActive=2026-08-28T20:17:29.837Z
2026-08-28 20:36:19.541: [INFO] LastUsedProfileDir: C:\Users\bidea\source\repos\gay.lol\gay.lol\bin\x64\Debug\net8.0-windows\gay.lol.exe.WebView2\EBWebView\Default
2026-08-28 20:36:19.541: [INFO] MostRecentlyActiveProfile: name=Profile 1 path=C:\Users\bidea\source\repos\gay.lol\gay.lol\bin\x64\Debug\net8.0-windows\gay.lol.exe.WebView2\EBWebView\Default lastActive=2026-08-28T20:17:29.837Z
2026-08-28 20:36:19.541: [INFO] OnDoneLoading sync enabled: 0
2026-08-28 20:36:19.541: [INFO] BookmarkModelLoaded, ids_reassigned: 0
2026-08-28 20:36:19.541: [INFO] BookmarksLoadDropped droppedNodes=0
2026-08-28 20:36:19.541: [INFO] BookmarksSnapshot Startup total=0 bar=0 other=0 mobile=0 showBar=0 showBarNTP=1
2026-08-28 20:46:08.818: [INFO] BookmarksSnapshot Shutdown total=0 bar=0 other=0 mobile=0 showBar=0 showBarNTP=1
2026-08-28 22:44:35.458: [INFO] CurrentProfilePath: C:\Users\bidea\source\repos\gay.lol\gay.lol\bin\x64\Debug\net8.0-windows\gay.lol.exe.WebView2\EBWebView\Default
2026-08-28 22:44:35.458: [INFO] Profiles total count: 1
2026-08-28 22:44:35.461: [INFO] Profile: name=Profile 1 path=C:\Users\bidea\source\repos\gay.lol\gay.lol\bin\x64\Debug\net8.0-windows\gay.lol.exe.WebView2\EBWebView\Default lastActive=2026-08-28T20:46:07.349Z
2026-08-28 22:44:35.461: [INFO] LastUsedProfileDir: C:\Users\bidea\source\repos\gay.lol\gay.lol\bin\x64\Debug\net8.0-windows\gay.lol.exe.WebView2\EBWebView\Default
2026-08-28 22:44:35.461: [INFO] MostRecentlyActiveProfile: name=Profile 1 path=C:\Users\bidea\source\repos\gay.lol\gay.lol\bin\x64\Debug\net8.0-windows\gay.lol.exe.WebView2\EBWebView\Default lastActive=2026-08-28T20:46:07.349Z
2026-08-28 22:44:35.461: [INFO] OnDoneLoading sync enabled: 0
2026-08-28 22:44:35.461: [INFO] BookmarkModelLoaded, ids_reassigned: 0
2026-08-28 22:44:35.461: [INFO] BookmarksLoadDropped droppedNodes=0
2026-08-28 22:44:35.461: [INFO] BookmarksSnapshot Startup total=0 bar=0 other=0 mobile=0 showBar=0 showBarNTP=1
2026-08-28 23:02:19.201: [INFO] BookmarksSnapshot Shutdown total=0 bar=0 other=0 mobile=0 showBar=0 showBarNTP=1
